WB_cname,iso3c,year,SH.UHC.FBP1.TO,SH.UHC.FBP1.ZS,SH.UHC.FBP2.TO,SH.UHC.FBP2.ZS,SH.UHC.FBPR.TO,SH.UHC.FBPR.ZS,SH.UHC.NOP1.TO,SH.UHC.NOP1.ZS,SH.UHC.NOP2.TO,SH.UHC.NOP2.ZS,SH.UHC.NOPR.TO,SH.UHC.NOPR.ZS,SH.UHC.OOPC.10.TO,SH.UHC.OOPC.10.ZS,SH.UHC.OOPC.25.TO,SH.UHC.OOPC.25.ZS
Afghanistan,AFG,2007,,1.6,,13.24,,12.56,,0.37,,1.98,,1.79,,4.84,,0.07
Afghanistan,AFG,2013,,27.45,,65.87,,15,,4.4,,3.56,,3.08,,14.63,,2.01
Afghanistan,AFG,2016,,,,,,8.33,,,,,,3.35,,23.84,,5.61
Afghanistan,AFG,2020,,8.06,,33.2,,10.15,,6.05,,6.37,,6.5,,26.08,,8.03
Albania,ALB,1996,,0.16,,2.9,,6.08,,0.59,,2.13,,1.57,,7.39,,2.91
Albania,ALB,2002,,0.9,,9.09,,13,,0.73,,4.2,,4.29,,23.37,,5.64
Albania,ALB,2005,,0.31,,5.55,,13.21,,0.26,,1.84,,3.67,,19.51,,4.5
Albania,ALB,2008,,0.17,,2.65,,9.33,,0.01,,1.15,,2.04,,13.91,,4.08
Albania,ALB,2012,,0.11,,1.99,,6.57,,0.26,,1.26,,2.51,,16.72,,4.95
Albania,ALB,2017,,0.13,,2.14,,8.29,,0.08,,0.7,,1.84,,8.85,,1.41
Angola,AGO,2008,,1.83,,7.4,,3.94,,1.22,,2.19,,1.55,,12.26,,4.42
Angola,AGO,2018,,20.05,,35.79,,19.87,,5.18,,5.05,,5.14,,35.53,,12.48
Argentina,ARG,1996,,,,,,7.92,,,,,,2.04,,16.4,,5
Argentina,ARG,2004,,,,,,10.01,,,,,,1.98,,16.9,,4.7
Argentina,ARG,2017,,,,,,,,,,,,,,9.57,,2.54
Armenia,ARM,1999,,3.3,,15.67,,4.15,,1.94,,4.81,,2.54,,15.35,,6.88
Armenia,ARM,2001,,2.93,,12.31,,3.18,,1.91,,4.79,,2.17,,11.99,,5.92
Armenia,ARM,2002,,2.55,,12.54,,3.6,,1.49,,3.37,,1.72,,11.47,,5.96
Armenia,ARM,2003,,1.93,,10.72,,3.37,,0.9,,3.23,,1.2,,10.61,,5.57
Armenia,ARM,2004,,1.38,,10.38,,4.13,,0.45,,2.55,,1.6,,16.46,,7.5
Armenia,ARM,2005,,0.76,,6.33,,3.6,,0.22,,1.79,,1.27,,12.04,,6.18
Armenia,ARM,2006,,0.44,,3.54,,3.2,,0.47,,1.53,,1.07,,10.83,,5.91
Armenia,ARM,2007,,0.36,,3.87,,4.77,,0.25,,0.97,,1.15,,8.3,,4.06
Armenia,ARM,2008,,0.14,,2.06,,3.05,,0.11,,0.78,,1.15,,8.26,,3.53
Armenia,ARM,2009,,0.22,,4.09,,3.69,,0.18,,1.6,,1.46,,9.74,,3.68
Armenia,ARM,2010,,0.37,,6.78,,6.02,,0.59,,2.82,,2.53,,17.52,,5.35
Armenia,ARM,2011,,0.75,,6.96,,6.04,,0.26,,2.03,,2.09,,12.8,,3.32
Armenia,ARM,2012,,0.41,,5,,5.81,,0.16,,2.04,,2.13,,13.9,,4.48
Armenia,ARM,2013,,0.79,,4.51,,5.17,,0.15,,2.05,,2.54,,16.05,,4.87
Armenia,ARM,2014,,0.43,,4.38,,6.78,,0.34,,2.69,,3.14,,19.47,,6.03
Armenia,ARM,2015,,0.36,,4.11,,7.89,,0.29,,1.98,,3.34,,22.43,,7.58
Armenia,ARM,2016,,0.64,,5.12,,11.44,,0.32,,2.48,,3.55,,19.29,,5.75
Armenia,ARM,2017,,0.7,,6.41,,8.79,,0.94,,3.26,,3.63,,21.44,,6
Armenia,ARM,2019,,0.9,,6.15,,10.43,,0.9,,3.66,,4.13,,24.86,,8.94
Armenia,ARM,2020,,5.74,,15.95,,14.21,,2.38,,2.94,,2.85,,23.18,,5.49
Armenia,ARM,2021,,0.38,,4.39,,8.49,,0.21,,1.92,,3.49,,19.89,,5.93
Australia,AUS,2009,,0,,0.02,,15.89,,0,,0,,1.09,,2.33,,0.33
Australia,AUS,2015,,0,,0,,14.95,,0,,0,,1.12,,2.47,,0.4
Austria,AUT,1999,,0,,0,,8.45,,0,,0,,1.28,,4.31,,0.66
Azerbaijan,AZE,2002,,0,,0.85,,2.58,,0,,0.45,,1.25,,6.97,,1.19
Azerbaijan,AZE,2003,,0.02,,1.1,,3.85,,0.02,,0.44,,0.87,,6.99,,1.2
Azerbaijan,AZE,2004,,0,,0.19,,1.69,,0,,0.11,,0.88,,7.63,,1.15
Azerbaijan,AZE,2005,,0,,0.22,,1.29,,0,,0.17,,0.76,,8.12,,1.1
Bahrain,BHR,2005,,,,,,,,,,,,,,3.23,,0.7
Bahrain,BHR,2015,,,,,,,,,,,,,,4.88,,1.4
Bangladesh,BGD,2000,,,,,,7.26,,,,,,4.62,,14.85,,4.77
Bangladesh,BGD,2005,,15.95,,39.38,,5.35,,3.38,,3.46,,2.01,,12.34,,3.59
Bangladesh,BGD,2010,,9.34,,31.29,,7.13,,3.11,,4.34,,2.55,,14.22,,4.52
Bangladesh,BGD,2016,,7.7,,32.66,,8.69,,3.74,,6.99,,4.15,,24.42,,8.45
Barbados,BRB,2016,,0.39,,1.08,,9.93,,0.34,,0.29,,1.76,,16.37,,3.82
Belarus,BLR,2000,,,,,,,,,,,,,,2.71,,0.26
Belarus,BLR,2001,,,,,,,,,,,,,,4.07,,0.22
Belarus,BLR,2002,,3.91,,21.06,,15.67,,0.36,,1.75,,1.36,,3.84,,0.22
Belarus,BLR,2003,,3.12,,18.09,,15.21,,0.15,,1.85,,1.24,,4.05,,0.24
Belarus,BLR,2004,,1.09,,9.97,,12.51,,0.1,,0.81,,1.15,,3.27,,0.14
Belarus,BLR,2005,,0.83,,5.74,,15.09,,0,,0.78,,1.26,,2.35,,0.08
Belarus,BLR,2006,,0.28,,3.34,,15.77,,0.02,,0.41,,0.85,,2.86,,0.06
Belarus,BLR,2007,,0.16,,1.86,,14.75,,0,,0.12,,1.15,,3.43,,0.22
Belarus,BLR,2008,,0.09,,1.13,,13.89,,0,,0.12,,1.03,,4.06,,0.15
Belarus,BLR,2009,,0.11,,1.68,,14.25,,0,,0.12,,1.18,,3.53,,0.25
Belarus,BLR,2010,,0,,0.35,,13.93,,0.03,,0,,1.46,,4.44,,0.16
Belarus,BLR,2011,,0,,0.28,,12.9,,0,,0.05,,0.96,,4.63,,0.35
Belarus,BLR,2012,,0.01,,0.09,,12.21,,0,,0.01,,1.49,,5.73,,0.23
Belarus,BLR,2013,,0,,0.06,,11.83,,0,,0.01,,1.4,,7.02,,0.52
Belarus,BLR,2014,,0,,0,,12.47,,0,,0,,1.34,,6.47,,0.36
Belarus,BLR,2015,,0,,0.12,,11.71,,0,,0.07,,1.63,,8.32,,0.55
Belarus,BLR,2016,,0,,0.01,,11.19,,0,,0.16,,1.71,,9.53,,0.61
Belarus,BLR,2017,,,,,,,,,,,,,,10.2,,0.66
Belarus,BLR,2018,,,,,,,,,,,,,,9.99,,0.46
Belarus,BLR,2019,,,,,,,,,,,,,,9.33,,0.58
Belarus,BLR,2020,,0,,0.07,,10.33,,0,,0,,2.57,,13.5,,0.59
Belarus,BLR,2021,,,,,,,,,,,,,,16.54,,1.16
Belgium,BEL,2009,,0,,0,,11.3,,0,,0,,2.23,,11.45,,1.39
Belize,BLZ,2018,,,,,,,,,,,,,,6.2,,3.1
Benin,BEN,2003,,48.02,,72.19,,15.81,,2.83,,1.76,,1.68,,11.11,,0.85
Benin,BEN,2011,,46.7,,70.16,,17.22,,2.06,,1.31,,1.99,,6.67,,0.96
Benin,BEN,2015,,40.72,,63.33,,18.02,,1.58,,0.91,,1.45,,5.55,,0.97
Benin,BEN,2018,,12.57,,39.78,,12.67,,3.32,,3.88,,3.23,,14.29,,2.95
Bhutan,BTN,2003,,1.53,,6.12,,2.2,,0.78,,1.17,,0.91,,5.38,,2.57
Bhutan,BTN,2007,,1.03,,4.97,,3.94,,0.83,,1.05,,1.02,,3.43,,1.22
Bhutan,BTN,2012,,0.05,,0.93,,2.42,,0.01,,0.41,,0.76,,4.01,,1.5
Bhutan,BTN,2017,,0.2,,1.73,,4.18,,1.17,,1.43,,1.63,,3.98,,1.77
Bolivia,BOL,1999,,3.65,,7.59,,11.29,,0.73,,1.06,,1.49,,11.83,,3.66
Bolivia,BOL,2000,,3.81,,8.26,,10.27,,1.92,,2.3,,2.27,,11.06,,3.84
Bolivia,BOL,2001,,2.03,,7.43,,9.25,,0.62,,1.35,,1.31,,7.9,,2.48
Bolivia,BOL,2002,,2.48,,7.56,,8.99,,0.58,,1.1,,1.57,,8.23,,3.2
Bolivia,BOL,2013,,0.77,,3.92,,15.05,,0.04,,0.42,,1.08,,10.08,,2.11
Bolivia,BOL,2014,,0.71,,3.95,,16.65,,0.03,,0.33,,1.2,,6.25,,1.15
Bolivia,BOL,2015,,0.87,,3.18,,13.16,,0.23,,0.27,,0.88,,6.02,,1.09
Bolivia,BOL,2018,,1.47,,5.4,,14.77,,0.18,,0.3,,0.95,,4.26,,1.07
Bolivia,BOL,2019,,0.24,,2.72,,12.58,,0.04,,0.3,,0.89,,4.55,,0.8
Bolivia,BOL,2021,,0.96,,3.91,,10.54,,0.1,,0.34,,0.82,,5.69,,1.19
Bosnia and Herzegovina,BIH,2001,,0.25,,0.79,,10.95,,0.16,,0.39,,2.33,,14.1,,3.45
Bosnia and Herzegovina,BIH,2007,,0,,0.15,,10.26,,0,,0.08,,1.67,,10.25,,1.9
Bosnia and Herzegovina,BIH,2011,,0.02,,0.15,,9.47,,0,,0.08,,1.62,,8.56,,1.27
Bosnia and Herzegovina,BIH,2015,,0,,0.24,,7.85,,0.01,,0.06,,1.85,,8.18,,1.39
Botswana,BWA,1993,,12.42,,20.6,,9.87,,0.83,,1.55,,0.98,,8.54,,1.82
Botswana,BWA,2009,,4.15,,9.82,,8.19,,0.29,,0.26,,0.27,,1,,0.21
Botswana,BWA,2015,,3.4,,10.45,,7.32,,0.22,,0.57,,0.64,,4.32,,1.01
Brazil,BRA,1996,,2.19,,8.03,,13.87,,0.74,,1.38,,1.92,,13.18,,2.42
Brazil,BRA,2008,,6.31,,15.72,,20.65,,0.88,,1.61,,2.03,,15.07,,2.09
Brazil,BRA,2017,,0.9,,3.92,,19.9,,0.19,,0.71,,2.04,,11.81,,1.88
Bulgaria,BGR,1997,,0.95,,6.81,,8.15,,0.09,,0.39,,0.86,,1.77,,0.09
Bulgaria,BGR,2001,,1.5,,4.49,,11.15,,0.17,,0.69,,1.36,,7.28,,0.96
Bulgaria,BGR,2005,,0,,1.01,,11.4,,0,,0.07,,1.88,,10.34,,0.44
Bulgaria,BGR,2010,,0.06,,0.9,,12.93,,0,,0.31,,2.38,,12.84,,0.76
Bulgaria,BGR,2015,,0.09,,0.34,,13.18,,0,,0.11,,2.54,,13.07,,1.27
Bulgaria,BGR,2016,,0.07,,0.85,,13.17,,0,,0.07,,4.12,,22.29,,2.96
Bulgaria,BGR,2017,,0.08,,1.18,,13.4,,0.11,,0.16,,3.56,,21.16,,2.87
Bulgaria,BGR,2018,,0,,0.72,,12.4,,0,,0.23,,4.36,,21.28,,3.07
Burkina Faso,BFA,1998,,22.4,,27.45,,3.39,,1.74,,0.85,,1.36,,10.98,,3.7
Burkina Faso,BFA,2003,,18.5,,26.65,,3.61,,1.75,,0.99,,1.36,,8.46,,2.36
Burkina Faso,BFA,2009,,52.53,,73.63,,19.84,,1.02,,0.83,,0.96,,3.52,,0.62
Burkina Faso,BFA,2014,,49.95,,78.79,,12.99,,2.02,,0.93,,1.61,,3.13,,0.42
Burkina Faso,BFA,2018,,17.85,,44.95,,10.03,,2.22,,2.35,,2.11,,8.37,,1.76
Burundi,BDI,1998,,68.89,,83.31,,20.29,,0.79,,0.12,,1.12,,2.36,,0.07
Burundi,BDI,2006,,71.01,,89.48,,11.64,,2.87,,1.17,,3.44,,12.46,,1.45
Burundi,BDI,2013,,53.89,,71.68,,15.46,,1.4,,0.58,,1.25,,3.29,,0.43
Burundi,BDI,2020,,,,,,,,,,,,,,4.77,,0.88
Cambodia,KHM,2009,,,,,,12.01,,,,,,3.75,,18.77,,5.73
Cambodia,KHM,2014,,,,,,6.7,,,,,,2.3,,13.16,,4.11
Cambodia,KHM,2019,,,,,,8.97,,,,,,3.82,,17.86,,4.92
Cameroon,CMR,1996,,40.92,,63.4,,12.23,,4.88,,2.23,,4.3,,23.82,,5.73
Cameroon,CMR,2001,,23.95,,52.51,,19.7,,3.52,,4.03,,3.39,,20.58,,3.34
Cameroon,CMR,2007,,21.39,,46.97,,19.37,,1.64,,1.97,,1.66,,8.01,,0.76
Cameroon,CMR,2014,,22.08,,41.55,,26.47,,2.14,,1.74,,1.6,,10.71,,1.78
Canada,CAN,2000,,0.2,,0.3,,17.4,,0,,0.1,,1.7,,3.3,,0.4
Canada,CAN,2001,,0.2,,0.3,,17.1,,0,,0.1,,1.4,,2.9,,0.4
Canada,CAN,2002,,0.3,,0.3,,17.9,,0.1,,0.1,,1.6,,3,,0.5
Canada,CAN,2003,,0.3,,0.4,,18.1,,0,,0.1,,1.6,,3.3,,0.6
Canada,CAN,2004,,0.3,,0.3,,17,,0,,0.1,,1.8,,3.2,,0.5
Canada,CAN,2005,,0.2,,0.2,,18.2,,0,,0,,1.6,,3.7,,0.4
Canada,CAN,2006,,0.2,,0.4,,18.8,,0.1,,0,,1.7,,4,,0.7
Canada,CAN,2007,,0.2,,0.3,,19.1,,0.1,,0.1,,1.5,,4,,0.6
Canada,CAN,2008,,0.3,,0.4,,19.5,,0,,0.1,,1.4,,4.3,,0.6
Canada,CAN,2009,,0.1,,0.1,,19,,0.1,,0,,1.5,,4.4,,0.5
Canada,CAN,2014,,0.3,,0.4,,16.6,,0,,0.1,,1.2,,3.5,,0.8
Canada,CAN,2015,,0.2,,0.3,,16.2,,0.1,,0.1,,1.2,,3.3,,0.5
Canada,CAN,2016,,0.2,,0.2,,15.7,,0.1,,0.1,,1.3,,3.4,,0.7
Canada,CAN,2017,,0.4,,0.5,,16.1,,0.1,,0.1,,1.2,,3.8,,0.9
Canada,CAN,2019,,0.4,,0.5,,16.1,,0.2,,0.2,,0.9,,3.5,,0.8
Cape Verde,CPV,2001,,6.71,,15.3,,7.51,,0.72,,0.67,,0.95,,2.81,,0.49
Cape Verde,CPV,2007,,1.99,,8.31,,11.56,,0.24,,0.46,,0.55,,2.05,,0.02
Cayman Islands,CYM,2015,,,,,,19.55,,,,,,1.49,,3.24,,0.58
Central African Republic,CAF,2008,,31.39,,42.38,,13.3,,1.25,,0.58,,0.97,,6.75,,1.22
Chad,TCD,2003,,42.06,,60.84,,13.2,,1.78,,1.1,,1.36,,6.28,,0.22
Chad,TCD,2011,,20.81,,40.25,,14.74,,1.62,,1.89,,1.34,,8.69,,1.58
Chad,TCD,2018,,19.15,,43.66,,11.45,,2.68,,1.61,,1.83,,9.3,,1.4
Chile,CHL,2006,,0.16,,0.81,,10.09,,0,,0.1,,1.04,,9.19,,1.91
Chile,CHL,2011,,0.08,,0.84,,11.67,,0,,0.2,,1.53,,11.35,,2.11
Chile,CHL,2016,,0,,0.27,,13.46,,0,,0.01,,2.03,,14.6,,2.08
China,CHN,1995,,35.39,,,,28.34,,1.14,,,,1.11,,5.79,,1.09
China,CHN,2002,,20.5,,33.66,,4.83,,1.64,,2.01,,1.19,,12.27,,2.99
China,CHN,2007,,15.96,,34.32,,10.56,,3.52,,3.08,,3.64,,18.44,,5.85
China,CHN,2013,,5.31,,19.48,,24.56,,1.51,,3.49,,3.56,,18.85,,5.27
China,CHN,2018,,1.75,,10.3,,23.93,,0.87,,2.95,,4.68,,24.33,,6.94
Colombia,COL,1997,,4.33,,13.3,,19.19,,1.58,,2.73,,3.63,,21.31,,6.14
Colombia,COL,2008,,2.66,,8.53,,13.87,,0.45,,1.49,,1.98,,20.01,,3.11
Colombia,COL,2016,,1.05,,5.07,,12.21,,0.29,,0.76,,1.24,,8.19,,2.23
Comoros,COM,2014,,14.43,,30.41,,19.31,,0.99,,2.32,,1.93,,8.81,,1.64
Congo,COG,2011,,,,,,21.54,,,,,,1.1,,4.58,,0.66
Cook Islands,COK,2015,,,,,,,,,,,,,,0.12,,
Costa Rica,CRI,1992,,0.68,,3.58,,5.11,,0.18,,0.33,,0.3,,1.26,,0.1
Costa Rica,CRI,2004,,0.78,,2.28,,12,,0.03,,0.22,,0.79,,4.36,,0.47
Costa Rica,CRI,2012,,0.11,,1.34,,10.82,,0.05,,0.27,,1.16,,7.82,,1.33
Costa Rica,CRI,2018,,0.07,,0.9,,11.22,,0,,0.26,,1.22,,7.41,,1.13
Cote d'Ivoire,CIV,1985,,4.32,,15.84,,15.25,,1.55,,3.51,,2.81,,17.77,,3.46
Cote d'Ivoire,CIV,1986,,2.58,,14.97,,12.38,,1.48,,2.45,,3.05,,16.77,,3.15
Cote d'Ivoire,CIV,1987,,4.35,,17.7,,8.62,,0.83,,3.22,,3.05,,11.29,,1.6
Cote d'Ivoire,CIV,1988,,9.07,,25.7,,11.73,,0.99,,4.38,,1.66,,12.31,,2.33
Cote d'Ivoire,CIV,1992,,10.46,,28.4,,8.01,,1.93,,3.03,,1.81,,13.24,,2.04
Cote d'Ivoire,CIV,1998,,23.51,,52.7,,15.03,,3.86,,2.95,,2.36,,19.77,,2.59
Cote d'Ivoire,CIV,2002,,23.04,,46.03,,15.69,,3.11,,3.01,,2.58,,18.47,,1.84
Cote d'Ivoire,CIV,2008,,,,,,,,3.14,,3.25,,2.7,,17.44,,3.97
Cote d'Ivoire,CIV,2014,,,,,,,,2.25,,2.58,,2.1,,12.43,,3.37
Cote d'Ivoire,CIV,2018,,6.16,,25.61,,12.18,,1.78,,2.46,,2.2,,8.33,,0.56
Croatia,HRV,1999,,0,,0.07,,10.41,,0,,0,,0.86,,1.49,,0.15
Croatia,HRV,2004,,0,,0.11,,11.56,,0,,0,,0.93,,2.39,,0.14
Croatia,HRV,2008,,0,,0.05,,13.37,,0,,0,,1.1,,2.27,,0.3
Croatia,HRV,2009,,0,,0,,13.1,,0,,0.02,,0.93,,2.46,,0.13
Croatia,HRV,2010,,0,,0,,10.17,,0,,0,,1.04,,2.8,,0.26
Cyprus,CYP,2009,,0,,0,,11.41,,0,,0,,2.81,,16.05,,1.48
Cyprus,CYP,2015,,0,,0,,14.01,,0,,0,,3.25,,14.74,,1.59
Czech Republic,CZE,1999,,0,,0,,7.17,,0,,0,,0.66,,0.52,,0
Czech Republic,CZE,2000,,0,,0,,6.25,,0,,0,,0.55,,0.79,,0
Czech Republic,CZE,2001,,0,,0,,5.96,,0,,0,,0.67,,0.57,,0.03
Czech Republic,CZE,2002,,0,,0,,6.34,,0,,0,,0.46,,0.75,,0.03
Czech Republic,CZE,2003,,0,,0,,5.84,,0,,0,,0.72,,0.63,,0.04
Czech Republic,CZE,2004,,0,,0,,6.41,,0,,0,,0.51,,0.82,,0
Czech Republic,CZE,2005,,0,,0,,6.13,,0,,0,,0.89,,0.94,,0.02
Czech Republic,CZE,2006,,0,,0,,8.46,,0,,0,,0.47,,0.92,,0.03
Czech Republic,CZE,2007,,0,,0,,7.41,,0,,0,,0.89,,1.42,,0.01
Czech Republic,CZE,2008,,0,,0,,6.74,,0,,0,,0.87,,1.96,,0.05
Czech Republic,CZE,2009,,0,,0,,7.85,,0,,0,,0.84,,2.19,,0.1
Czech Republic,CZE,2010,,0,,0,,8.48,,0,,0,,0.92,,1.95,,0.05
Czech Republic,CZE,2011,,0,,0,,10.3,,0,,0,,1.31,,2.05,,0.05
Czech Republic,CZE,2012,,0,,0.04,,8.76,,0,,0,,1.33,,2.1,,0.09
Czech Republic,CZE,2013,,0,,0.04,,8.39,,0,,0,,0.72,,2.27,,0
Czech Republic,CZE,2014,,0.04,,0.04,,8.08,,0,,0,,0.86,,2.05,,0.03
Czech Republic,CZE,2015,,0,,0,,8.98,,0,,0,,0.85,,2.16,,0.03
Czech Republic,CZE,2018,,0,,0,,8.1,,0,,0,,1.48,,3.85,,0.68
Czech Republic,CZE,2019,,0,,0,,9.97,,0,,0,,1.59,,4.64,,0.83
Democratic Republic of Congo,COD,2004,,,,,,20.75,,,,,,1.38,,5.81,,0.84
Democratic Republic of Congo,COD,2012,,57.41,,71.81,,19.65,,1.18,,0.44,,1.18,,4.82,,0.61
Denmark,DNK,1997,,0,,0,,9.55,,0,,0,,0.84,,2.32,,0.37
Denmark,DNK,2010,,0,,0,,9.67,,0,,0,,1.37,,2.93,,0.49
Djibouti,DJI,2002,,10.07,,28.92,,9.58,,0.68,,1.02,,0.64,,1.14,,0.06
Djibouti,DJI,2012,,1.08,,3.96,,1.5,,0.54,,0.56,,0.68,,2.25,,0.62
Djibouti,DJI,2017,,2.11,,7.03,,2.77,,0.12,,0.38,,0.1,,1.47,,0.26
Dominican Republic,DOM,2007,,2.04,,11.38,,17.52,,1.1,,2.51,,3.18,,17.66,,4.9
Dominican Republic,DOM,2018,,0.11,,1.34,,11.67,,0.03,,0.23,,1.75,,8.17,,0.94
Ecuador,ECU,2011,,1.72,,8.59,,18.08,,0.45,,1.63,,2.99,,18.37,,3.51
Ecuador,ECU,2013,,1.01,,6.98,,14.82,,0.66,,1.71,,2.31,,10.31,,2.44
Egypt,EGY,1997,,8.58,,,,9.03,,1.16,,,,1.21,,7.66,,1.37
Egypt,EGY,2008,,2.26,,22.19,,11.28,,0.61,,3.28,,1.95,,12.57,,0.89
Egypt,EGY,2012,,2.17,,22.14,,10.06,,0.92,,6.66,,3.98,,26.2,,3.9
Egypt,EGY,2015,,1.49,,18.09,,10.53,,0.9,,6.16,,4.23,,31.22,,5.07
Egypt,EGY,2017,,1.56,,15.78,,11.41,,1.57,,6.54,,5.01,,31.14,,6.1
El Salvador,SLV,2014,,0.08,,1.02,,2.57,,0.03,,0.14,,0.25,,,,
El Salvador,SLV,2015,,,,,,,,,,,,,,2.3,,0.69
El Salvador,SLV,2016,,,,,,7.25,,,,,,0.83,,4.9,,1.44
El Salvador,SLV,2017,,,,,,6.67,,,,,,0.71,,3.9,,1.18
El Salvador,SLV,2018,,,,,,6.17,,,,,,0.63,,3.41,,1.03
El Salvador,SLV,2019,,,,,,6.48,,,,,,0.61,,4.06,,1.38
Estonia,EST,1995,,0.38,,2.76,,9.99,,0.05,,0.22,,1.05,,3.01,,0.05
Estonia,EST,2000,,0.04,,1.02,,6.84,,0.04,,0.22,,1.18,,6.63,,1.02
Estonia,EST,2003,,0.2,,1.1,,7.34,,0.12,,0.7,,1.49,,10.04,,1.54
Estonia,EST,2004,,0.06,,0.81,,7.44,,0.1,,0.65,,2.03,,11.57,,1.93
Estonia,EST,2005,,0.18,,1.37,,6.97,,0.16,,0.48,,1.89,,10.79,,1.83
Estonia,EST,2010,,0.04,,0.24,,6.37,,0,,0.15,,1.05,,8.79,,1.19
Ethiopia,ETH,1999,,23.82,,36.68,,4.77,,0.58,,0.31,,0.33,,1.58,,0.11
Ethiopia,ETH,2004,,23.89,,43.71,,8.1,,0.49,,0.28,,0.35,,0.82,,0.18
Ethiopia,ETH,2011,,24.87,,48.65,,8.44,,0.84,,0.42,,0.39,,1.88,,0.2
Ethiopia,ETH,2015,,14.03,,38.04,,9.41,,0.86,,1.01,,0.55,,2.12,,0.27
Ethiopia,ETH,2018,,,,,,9.61,,,,,,0.81,,3.48,,0.57
Fiji,FJI,2009,,,,,,,,,,,,,,0.78,,0.11
Finland,FIN,1998,,0,,0,,11.94,,0,,0,,1.68,,7.52,,1.12
Finland,FIN,2006,,0,,0,,11.5,,0,,0,,1.63,,7.12,,0.84
Finland,FIN,2012,,0,,0,,12.72,,0,,0,,2.33,,6.28,,0.94
Finland,FIN,2016,,0,,0,,10.83,,0,,0,,1.5,,6.72,,0.66
Gabon,GAB,2005,,1.68,,8.77,,10.22,,0.55,,1.05,,1.09,,5.67,,0.22
Gabon,GAB,2017,,1.82,,5.81,,16.98,,0.16,,0.83,,1.21,,3.83,,0.72
Gambia,GMB,2010,,22.48,,44.18,,17.25,,0.42,,0.38,,0.13,,0.61,,0.06
Gambia,GMB,2015,,9.33,,33.52,,12.78,,0.2,,0.31,,0.17,,0.2,,0.03
Georgia,GEO,1997,,10.45,,24.93,,14.46,,1.57,,1.8,,1.56,,8,,2.79
Georgia,GEO,1998,,9.33,,23.67,,13.94,,1.1,,1.91,,1.44,,6.8,,2.01
Georgia,GEO,1999,,12.33,,28.41,,13.56,,1.65,,2.12,,1.88,,8,,2.49
Georgia,GEO,2000,,13.64,,31.01,,13.87,,2.1,,2.8,,2.34,,12.38,,4.73
Georgia,GEO,2001,,13.31,,32.22,,12.44,,2.73,,3.13,,2.65,,13.95,,4.43
Georgia,GEO,2002,,4.9,,15.5,,9.04,,1.57,,3.22,,2.28,,13.77,,4.09
Georgia,GEO,2003,,4.73,,14.8,,8.66,,1.48,,2.41,,1.93,,12.05,,3.9
Georgia,GEO,2004,,4.16,,13.03,,8.23,,1.27,,2.73,,1.86,,11.76,,3.77
Georgia,GEO,2005,,4.89,,15.29,,9.24,,1.95,,3.21,,2.78,,15.04,,4.83
Georgia,GEO,2006,,5.33,,17.49,,9.95,,1.79,,4.35,,3.16,,16.29,,5.44
Georgia,GEO,2007,,6.97,,20.78,,11.38,,2.36,,4.18,,3.02,,17.74,,5.88
Georgia,GEO,2008,,5.93,,18.55,,11.79,,2.72,,4.67,,3.89,,22.12,,7.9
Georgia,GEO,2009,,6.27,,19.52,,12.02,,3.23,,5.68,,4.75,,26.06,,9.55
Georgia,GEO,2010,,8.03,,22.23,,14.19,,2.81,,4.98,,3.93,,24.96,,7.85
Georgia,GEO,2011,,7.94,,21.74,,14.87,,2.69,,4.79,,3.68,,23.97,,7.09
Georgia,GEO,2012,,6.62,,20.34,,15.75,,2.61,,4.74,,3.97,,23.31,,6.72
Georgia,GEO,2013,,5.35,,18.06,,15.78,,2.14,,4.49,,4.46,,24.61,,6.79
Georgia,GEO,2015,,2.53,,11.82,,15.99,,1.5,,4.64,,4.97,,29.06,,7.54
Georgia,GEO,2016,,2.76,,12.23,,16.33,,1.5,,4.51,,5.31,,30.74,,8.15
Georgia,GEO,2017,,3.08,,11.58,,16.43,,2.03,,4.43,,5.28,,31.39,,9.55
Georgia,GEO,2018,,2.82,,11.19,,14.96,,1.56,,4.06,,5.2,,29.99,,8.16
Georgia,GEO,2019,,2.53,,9.91,,14.32,,1.33,,4.18,,5.33,,31,,8.68
Georgia,GEO,2020,,2.26,,10.12,,13.26,,1.57,,4.49,,4.92,,30.67,,8.79
Georgia,GEO,2021,,1.83,,8.46,,13.14,,1.55,,4.27,,4.95,,31.41,,8.86
Germany,DEU,2010,,0,,0.01,,5.01,,0.02,,0.01,,0.58,,1.53,,0.1
Ghana,GHA,1991,,,,,,11.26,,,,,,0.96,,4.73,,0.6
Ghana,GHA,1998,,,,,,16.07,,,,,,1.62,,5.97,,0.82
Ghana,GHA,2005,,,,,,17.94,,,,,,0.67,,3.11,,0.49
Ghana,GHA,2012,,8.63,,,,16.35,,0.49,,,,0.62,,1.48,,0.1
Ghana,GHA,2016,,12.52,,23.74,,14.58,,0.28,,0.54,,0.3,,1.33,,0.11
Greece,GRC,2010,,0,,0,,13.22,,0,,0,,2.9,,14.64,,1.78
Greece,GRC,2016,,0,,0,,10.82,,0,,0.14,,2.49,,16.89,,1.62
Grenada,GRD,2008,,0,,0.54,,1.69,,0,,0.05,,0.33,,3.17,,0.5
Guatemala,GTM,2000,,3.67,,17.63,,18.14,,0.29,,0.81,,0.92,,3.68,,0.33
Guatemala,GTM,2011,,0.52,,6.9,,6.86,,0.13,,0.98,,1.01,,9.36,,2.25
Guatemala,GTM,2014,,2.2,,13.49,,13.24,,0.92,,2.29,,2.22,,11.45,,3.77
Guinea,GIN,2002,,32.36,,49.9,,12.76,,2.33,,1.4,,2.77,,9.67,,2.47
Guinea,GIN,2012,,13.64,,35.96,,9.98,,1.97,,2.13,,1.33,,6.97,,1.25
Guinea,GIN,2018,,11.52,,41.79,,15.33,,1.56,,2.51,,2.05,,1.5,,0.03
Guinea-Bissau,GNB,2002,,40.07,,61.93,,13.07,,1.72,,0.98,,1.2,,5.49,,1.44
Guinea-Bissau,GNB,2010,,45.1,,57.77,,14.75,,1.15,,0.57,,1.34,,6.26,,0.95
Guinea-Bissau,GNB,2018,,16.37,,45,,12.72,,1.93,,1.94,,2.27,,5.05,,0.37
Haiti,HTI,2012,,14.19,,30.61,,13.2,,1.58,,2.39,,1.93,,9.43,,1.83
Haiti,HTI,2013,,9.72,,25.99,,9.72,,3.86,,3.28,,3.82,,11.54,,3.98
Honduras,HND,2004,,,,,,21.76,,,,,,0.22,,1.14,,0.1
Hungary,HUN,1998,,0.02,,0.38,,5.36,,0,,0.09,,1.06,,6.03,,0.73
Hungary,HUN,1999,,0.01,,0.19,,4.84,,0,,0.05,,1.04,,6.96,,0.67
Hungary,HUN,2000,,0,,0.25,,5.84,,0,,0.1,,1.38,,8.26,,0.78
Hungary,HUN,2001,,0,,0.21,,8.77,,0,,0.08,,1.6,,8.34,,0.58
Hungary,HUN,2002,,0,,0.11,,8.95,,0,,0.07,,1.81,,9.7,,0.75
Hungary,HUN,2003,,0,,0.43,,12.2,,0,,0.23,,2.38,,12.37,,1.26
Hungary,HUN,2004,,0,,0.32,,11.93,,0.05,,0.09,,2.45,,10.27,,0.9
Hungary,HUN,2005,,0,,0.16,,12.1,,0,,0.06,,2,,10.62,,0.76
Hungary,HUN,2006,,0,,0.27,,11.09,,0,,0.02,,2.14,,10.09,,0.59
Hungary,HUN,2007,,0,,0.6,,13.45,,0,,0.13,,2.56,,11.54,,0.98
Hungary,HUN,2015,,,,,,15.22,,,,,,2.47,,12.48,,0.99
Hungary,HUN,2016,,,,,,15.57,,,,,,2,,11.91,,1.13
Hungary,HUN,2017,,,,,,13.8,,,,,,2.03,,11.61,,1.37
Hungary,HUN,2018,,,,,,15.66,,,,,,2.45,,12.31,,0.91
Iceland,ISL,1995,,0,,0,,9.81,,0,,0,,1.43,,6.99,,0.94
India,IND,1995,,54.76,,84.86,,6.57,,3.56,,1.53,,1.43,,7.3,,1.43
India,IND,2000,,,,62.63,,4.67,,,,1.48,,1.93,,15.41,,3.27
India,IND,2001,,,,64.09,,4.31,,,,1.53,,1.29,,14.86,,3.06
India,IND,2003,,38.09,,60.24,,4.77,,4.37,,2.39,,1.73,,15.41,,3.5
India,IND,2006,,24.78,,52.09,,5.6,,4.73,,3.54,,2.16,,16.84,,3.84
India,IND,2007,,18.73,,47.01,,4.16,,3.74,,3.2,,1.39,,12.98,,2.79
India,IND,2009,,28.39,,55.26,,6.08,,4.57,,2.83,,2.7,,13.97,,3.28
India,IND,2011,,23.33,,55.06,,7.51,,5.46,,4.13,,3.4,,17.91,,4.55
India,IND,2017,,,,,,4.55,,,,,,2.57,,17.46,,6.67
Indonesia,IDN,1999,,24.77,,48.13,,8.56,,1.66,,1.32,,0.97,,3.9,,1.07
Indonesia,IDN,2001,,38.56,,77.54,,5.45,,1.68,,1.16,,0.46,,2.56,,0.42
Indonesia,IDN,2002,,30.67,,70.84,,7.25,,1.41,,1.19,,0.56,,2.29,,0.33
Indonesia,IDN,2004,,30.56,,70.27,,5.45,,1.35,,1.04,,0.47,,2.06,,0.33
Indonesia,IDN,2005,,28.02,,61.77,,6.2,,1.12,,1,,0.44,,2.14,,0.34
Indonesia,IDN,2006,,23.71,,62.37,,5.1,,1.13,,1,,0.39,,1.82,,0.25
Indonesia,IDN,2007,,20.99,,63.08,,5.3,,1.27,,1.4,,0.52,,2.54,,0.33
Indonesia,IDN,2009,,10.76,,50.61,,6.22,,0.82,,1.56,,0.53,,3.5,,0.48
Indonesia,IDN,2010,,8.5,,45.59,,6.16,,0.62,,1.5,,0.53,,3.45,,0.47
Indonesia,IDN,2011,,6.7,,36.07,,10.08,,0.55,,1.18,,0.79,,3.87,,0.91
Indonesia,IDN,2012,,5.97,,34.49,,9.19,,0.45,,1.05,,0.68,,3.45,,0.89
Indonesia,IDN,2013,,7.53,,35.73,,9.81,,0.54,,1.04,,0.63,,3.74,,0.92
Indonesia,IDN,2014,,7.5,,36.14,,11.26,,0.68,,1.07,,0.79,,4.38,,1.17
Indonesia,IDN,2015,,5.18,,31.24,,11.39,,0.39,,0.87,,0.72,,3.61,,0.41
Indonesia,IDN,2016,,8.13,,33.13,,13.93,,0.66,,1.13,,0.96,,4.31,,0.9
Indonesia,IDN,2017,,7.7,,30.97,,13.84,,0.53,,1.18,,0.83,,4.52,,0.87
Indonesia,IDN,2018,,3.31,,22.36,,13.45,,0.37,,1.18,,0.82,,4.74,,0.91
Indonesia,IDN,2019,,,,,,,,,,,,,,2.53,,0.53
Indonesia,IDN,2020,,,,,,,,,,,,,,2.23,,0.43
Indonesia,IDN,2021,,,,,,,,,,,,,,1.97,,0.35
Iran,IRN,2005,,,,,,,,,,,,,,11.31,,2.92
Iran,IRN,2007,,0.23,,1.89,,,,0.12,,0.62,,,,11.41,,2.94
Iran,IRN,2008,,0.2,,1.68,,,,0.1,,0.5,,,,12.6,,3.48
Iran,IRN,2009,,0.31,,2.14,,13.12,,0.13,,0.52,,1.99,,13.72,,3.58
Iran,IRN,2010,,0.15,,1.31,,12.74,,0.09,,0.43,,1.96,,13.72,,3.69
Iran,IRN,2011,,0.06,,0.69,,12.63,,0.03,,0.39,,2.07,,14.12,,3.07
Iran,IRN,2012,,0.03,,0.58,,11.63,,0.04,,0.21,,2.06,,13.87,,3.22
Iran,IRN,2013,,0.05,,0.63,,11.31,,0.02,,0.33,,2.12,,15.81,,3.76
Iran,IRN,2014,,0.09,,1.18,,11.39,,0.1,,0.48,,2.06,,15.96,,3.79
Iran,IRN,2015,,0.13,,1.36,,11.4,,0.08,,0.46,,2.24,,17.03,,3.89
Iran,IRN,2016,,0.08,,1.09,,11.15,,0.02,,0.42,,2.06,,15.78,,3.8
Iran,IRN,2017,,0.05,,1.09,,12.01,,0.05,,0.41,,2.04,,16.86,,3.7
Iran,IRN,2018,,0.19,,1.48,,11.72,,0.04,,0.55,,2.03,,17,,3.7
Iran,IRN,2019,,0.24,,2.22,,11.31,,0.13,,0.72,,1.85,,15.35,,3.46
Iran,IRN,2020,,0.22,,1.98,,11.85,,0.07,,0.43,,1.74,,13.82,,2.97
Iran,IRN,2021,,0.14,,1.58,,11.85,,0.07,,0.34,,1.75,,15.36,,3.66
Iraq,IRQ,2006,,0.07,,2.04,,12.37,,0.11,,0.57,,1.23,,3.29,,0.43
Iraq,IRQ,2012,,0.19,,2.85,,13.39,,0.17,,0.53,,1.26,,3.7,,0.87
Iraq,IRQ,2017,,0.31,,4.6,,22.65,,0.28,,1.14,,3.63,,19.57,,4.18
Ireland,IRL,1999,,0,,0,,10.15,,0,,0,,0.54,,2.02,,0.26
Ireland,IRL,2009,,0,,0,,9.57,,0,,0,,0.83,,5.59,,0.48
Israel,ISR,2001,,0,,0.19,,14.7,,0.09,,0.18,,2.05,,12.24,,2.33
Israel,ISR,2002,,0.08,,0.33,,14.37,,0.01,,0.1,,1.75,,12.14,,1.99
Israel,ISR,2003,,0.07,,0.33,,15.54,,0.05,,0.13,,1.97,,11.7,,2.04
Israel,ISR,2004,,0.08,,0.62,,15.27,,0.06,,0.21,,2.09,,12.37,,2.5
Israel,ISR,2005,,0,,0.31,,15.69,,0,,0.09,,2.13,,12.7,,2.19
Israel,ISR,2006,,0.04,,0.54,,16.53,,0.03,,0.04,,1.93,,11.28,,2.39
Israel,ISR,2007,,0,,0.29,,16.8,,0.04,,0.18,,1.81,,12.12,,2.29
Israel,ISR,2008,,0.03,,0.33,,15.97,,0,,0.02,,2.08,,11.04,,2.24
Israel,ISR,2009,,0.06,,0.25,,17.18,,0,,0.13,,1.67,,12.37,,2.31
Israel,ISR,2010,,0.07,,0.5,,15.12,,0,,0.06,,1.86,,9.71,,1.4
Israel,ISR,2011,,0.14,,0.55,,17.41,,0,,0.21,,1.51,,11.18,,1.86
Israel,ISR,2012,,0.02,,0.66,,15.47,,0,,0.05,,1.94,,10.58,,1.79
Israel,ISR,2013,,0,,0.21,,15.81,,0,,0.04,,1.49,,10.84,,1.94
Israel,ISR,2015,,0,,0.18,,16.75,,0,,0.02,,1.84,,11.63,,1.84
Israel,ISR,2017,,0,,0.21,,15.79,,0,,0.06,,1.95,,11.84,,2.34
Israel,ISR,2018,,0.02,,0.11,,15.12,,0.02,,0.09,,1.91,,12.81,,2.61
Italy,ITA,2001,,0,,0,,8.35,,0,,0,,1.44,,8.81,,1.27
Italy,ITA,2010,,0,,0,,8.94,,0,,0,,1.33,,9.29,,1.08
Jamaica,JAM,1990,,0.38,,2.47,,6.15,,0.71,,1.37,,1.7,,7.04,,2.14
Jamaica,JAM,1991,,2.19,,8.43,,16.75,,0.45,,1.12,,1.97,,10.12,,2.36
Jamaica,JAM,1992,,1.5,,7.58,,11.66,,0.8,,2.03,,2.61,,9.7,,3.13
Jamaica,JAM,1996,,1.04,,5.65,,12.84,,0.33,,1.15,,1.26,,5.81,,1.15
Jamaica,JAM,2002,,1.05,,5.53,,14.69,,0.27,,1.25,,2.39,,10.38,,2.68
Jamaica,JAM,2003,,1.08,,6.36,,17.71,,0.29,,1.27,,2.15,,10.37,,2.59
Jamaica,JAM,2004,,0.81,,5.7,,17.52,,0.5,,0.66,,2.42,,10.2,,2.88
Japan,JPN,2010,,,,,,,,,,,,,,9.1,,1.6
Japan,JPN,2011,,,,,,,,,,,,,,9.2,,1.6
Japan,JPN,2012,,,,,,,,,,,,,,9.3,,1.7
Japan,JPN,2013,,,,,,,,,,,,,,9.1,,1.6
Japan,JPN,2014,,,,,,,,,,,,,,9.1,,1.6
Japan,JPN,2015,,,,,,,,,,,,,,9.2,,1.6
Japan,JPN,2016,,,,,,,,,,,,,,9.4,,1.6
Japan,JPN,2017,,,,,,,,,,,,,,9.6,,1.6
Japan,JPN,2018,,,,,,,,,,,,,,9.7,,1.7
Japan,JPN,2019,,,,,,,,,,,,,,10.5,,1.9
Japan,JPN,2020,,,,,,,,,,,,,,10.9,,1.8
Japan,JPN,2021,,,,,,,,,,,,,,11.1,,2
Jordan,JOR,2002,,1.58,,5.5,,17.48,,0.1,,0.38,,0.56,,1.48,,0.03
Jordan,JOR,2008,,0.01,,0.51,,13.99,,0,,0.02,,0.64,,1.72,,0.25
Jordan,JOR,2010,,0.04,,0.37,,14.6,,0.01,,0.05,,0.61,,2.29,,0.43
Jordan,JOR,2018,,,,,,,,,,,,,,6.36,,1.25
Kazakhstan,KAZ,2001,,,,,,15.76,,,,,,0.65,,2.17,,0.09
Kazakhstan,KAZ,2002,,,,,,14.56,,,,,,0.71,,2.12,,0.11
Kazakhstan,KAZ,2003,,,,,,15.15,,,,,,0.82,,2.32,,0.15
Kazakhstan,KAZ,2004,,,,,,13.64,,,,,,0.9,,2.63,,0.13
Kazakhstan,KAZ,2005,,,,,,12.04,,,,,,0.66,,1.7,,0.06
Kazakhstan,KAZ,2007,,0.46,,4.33,,8.8,,0.02,,0.43,,0.95,,3.29,,0.55
Kazakhstan,KAZ,2008,,0.14,,2.48,,8.11,,0,,0.32,,0.78,,3.65,,0.42
Kazakhstan,KAZ,2009,,0.05,,2.25,,9.27,,0,,0.19,,0.91,,2.65,,0.12
Kazakhstan,KAZ,2010,,0.05,,1.51,,8.66,,0.02,,0.2,,0.99,,3.37,,0.19
Kazakhstan,KAZ,2011,,0.02,,0.5,,8.61,,0,,0.03,,0.8,,1.83,,0.03
Kazakhstan,KAZ,2012,,0,,0.4,,9.13,,0,,0.02,,1.31,,1.91,,0.08
Kazakhstan,KAZ,2013,,0.01,,0.23,,8.47,,0,,0.05,,1.11,,1.81,,0.07
Kazakhstan,KAZ,2014,,0,,0.09,,8.28,,0,,0,,1.39,,1.93,,0.08
Kazakhstan,KAZ,2015,,0,,0.21,,7.77,,0,,0.08,,1.31,,2.54,,0.12
Kazakhstan,KAZ,2017,,0.02,,0.06,,9.51,,0,,0.01,,0.79,,2.84,,0.12
Kazakhstan,KAZ,2018,,0,,0.02,,9.57,,0,,0.01,,1.18,,2.61,,0.13
Kazakhstan,KAZ,2019,,0,,0.01,,8.47,,0,,0,,1.75,,2.91,,0.1
Kazakhstan,KAZ,2020,,0,,0,,7.99,,0,,0,,1.79,,3.43,,0.27
Kazakhstan,KAZ,2021,,0.02,,0.04,,7.44,,0,,0.05,,1.48,,3.72,,0.17
Kenya,KEN,2005,,24.12,,45.13,,16.25,,1.48,,1.23,,1.42,,5.55,,1.56
Kenya,KEN,2015,,14.68,,33.18,,12.09,,1.28,,1.23,,1.25,,5.19,,1.4
Kiribati,KIR,2006,,0.11,,0.92,,0.11,,0,,0,,0,,0,,0
Kyrgyz Republic,KGZ,2000,,19.89,,44.96,,6.45,,1.03,,1.15,,0.51,,2.36,,0.06
Kyrgyz Republic,KGZ,2001,,20.35,,46.19,,7.37,,0.61,,0.93,,0.62,,2.68,,0.1
Kyrgyz Republic,KGZ,2002,,14.75,,39.8,,4.44,,1.14,,0.84,,0.42,,2.4,,0.19
Kyrgyz Republic,KGZ,2003,,13.26,,36.48,,6.79,,0.77,,0.89,,0,,1.28,,0.04
Kyrgyz Republic,KGZ,2004,,5.28,,19.1,,5.28,,1.81,,2.65,,1.81,,8.62,,2.02
Kyrgyz Republic,KGZ,2005,,10.85,,32.55,,12.37,,1.29,,1.14,,1.47,,4.61,,0.5
Kyrgyz Republic,KGZ,2006,,5.85,,24.97,,10.83,,0.46,,0.7,,0.96,,3.96,,0.8
Kyrgyz Republic,KGZ,2007,,7.46,,30.92,,12.68,,0.44,,0.75,,0.72,,2.64,,0.57
Kyrgyz Republic,KGZ,2008,,1.91,,13.5,,14.02,,0.25,,0.66,,0.67,,3.67,,0.3
Kyrgyz Republic,KGZ,2009,,2.66,,15.8,,12.46,,0.16,,0.97,,1.29,,3.97,,0.36
Kyrgyz Republic,KGZ,2016,,0.33,,6.27,,3.11,,0.05,,1.01,,0.62,,3.47,,0.72
Kyrgyz Republic,KGZ,2019,,0.14,,3.93,,3.29,,0.04,,0.66,,0.55,,4.29,,0.99
Kyrgyz Republic,KGZ,2020,,0.51,,9.91,,6.35,,0.14,,1.59,,0.96,,4.91,,0.83
Laos,LAO,2002,,12.31,,32.83,,4.7,,0.89,,1.39,,0.64,,3.07,,0.05
Laos,LAO,2007,,5.34,,20.73,,3.94,,2.81,,2.98,,2.72,,10.12,,4.2
Laos,LAO,2013,,4.13,,15.59,,4.71,,3.22,,4.18,,3.29,,13.49,,6.78
Laos,LAO,2019,,1.98,,8.58,,3.86,,1.56,,1.86,,1.67,,6.75,,3.01
Latvia,LVA,1997,,0.39,,2.99,,7.09,,0.25,,0.89,,1.77,,9.94,,1.78
Latvia,LVA,2002,,0.03,,0.78,,9.15,,0.19,,0.43,,1.49,,9.19,,1.34
Latvia,LVA,2003,,0.23,,1.41,,8.18,,0.06,,0.37,,1.93,,10.5,,1.65
Latvia,LVA,2004,,0.02,,0.78,,9.75,,0.16,,0.21,,2.16,,12.08,,1.88
Latvia,LVA,2005,,0.09,,0.87,,9.65,,0.08,,0.33,,1.76,,12.48,,2.28
Latvia,LVA,2006,,0,,0.2,,8.86,,0.04,,0.13,,2.07,,10.91,,1.83
Latvia,LVA,2007,,0,,0.1,,7.23,,0,,0.09,,3.64,,15.37,,3.34
Latvia,LVA,2008,,0,,0.18,,8.83,,0,,0.06,,3.15,,15.1,,2.62
Latvia,LVA,2009,,0.18,,0.37,,6.88,,0,,0.26,,2.54,,15.46,,3.5
Latvia,LVA,2010,,0,,0.08,,6.09,,0,,0.02,,1.98,,17.18,,4.2
Latvia,LVA,2011,,0,,0.1,,8.55,,0,,0.23,,2.63,,18.6,,4.86
Latvia,LVA,2012,,0,,0.05,,7.27,,0,,0,,2.93,,17.77,,4.2
Latvia,LVA,2013,,0,,0,,8.47,,0,,0.03,,2.98,,18.04,,4.32
Latvia,LVA,2014,,0,,0,,8.99,,0,,0,,3.1,,18.84,,4.92
Latvia,LVA,2015,,0,,0.02,,10.03,,0,,0,,3.62,,19.42,,5.19
Latvia,LVA,2016,,0,,0,,9.34,,0,,0,,3.98,,21.41,,5.7
Lebanon,LBN,1999,,0.03,,0.24,,20.97,,0.02,,0.31,,6.94,,44.82,,9.98
Lebanon,LBN,2012,,,,,,,,,,,,,,26.6,,6.3
Lesotho,LSO,2010,,,,,,14.69,,,,,,0.71,,4.51,,1.35
Liberia,LBR,2007,,33.77,,55.1,,11.61,,2.02,,0.96,,2.08,,7.86,,1.6
Liberia,LBR,2014,,22.17,,52.74,,15.69,,6.74,,5.28,,6.12,,22.33,,6.17
Liberia,LBR,2016,,22.58,,49.68,,16.39,,2.45,,1.96,,2.08,,6.75,,1.13
Lithuania,LTU,1998,,0.07,,1.04,,8.08,,0.03,,0.29,,1.19,,7.42,,1.61
Lithuania,LTU,1999,,0.09,,1.51,,7.79,,0,,0.25,,1.4,,7.99,,1.41
Lithuania,LTU,2000,,0.02,,1.95,,8.87,,0.04,,0.43,,1.7,,10.06,,2.43
Lithuania,LTU,2001,,0.2,,1.88,,9.04,,0.04,,0.62,,1.9,,11.48,,2.69
Lithuania,LTU,2002,,0.19,,1.83,,9.24,,0.05,,0.71,,1.74,,12.08,,2.88
Lithuania,LTU,2003,,0.04,,0.74,,8.27,,0.02,,0.26,,2.05,,11.51,,2.3
Lithuania,LTU,2004,,0.03,,0.44,,7.87,,0,,0.25,,1.93,,11.98,,2.53
Lithuania,LTU,2008,,0.01,,0.19,,8.07,,0,,0.06,,1.95,,12.85,,2.67
Luxembourg,LUX,1998,,0,,0,,16.69,,0,,0,,1.14,,1.17,,0
Luxembourg,LUX,2010,,0,,0,,19.58,,0,,0,,1.06,,3.38,,0.15
Luxembourg,LUX,2012,,0,,0,,20.05,,0,,0,,1.21,,3.59,,0.24
Luxembourg,LUX,2013,,0,,0,,19.47,,0,,0,,0.71,,3.33,,0.2
Luxembourg,LUX,2014,,0,,0,,18.34,,0,,0,,1.06,,2.97,,0.22
Luxembourg,LUX,2015,,0,,0,,19.68,,0,,0,,1.32,,3.35,,0.22
Luxembourg,LUX,2016,,0,,0,,20.47,,0,,0,,1.84,,3.52,,0.28
Luxembourg,LUX,2017,,0,,0,,20.05,,0,,0,,2.1,,4.69,,0.46
Luxembourg,LUX,2019,,0,,0,,17.52,,0,,0,,1.52,,4.52,,0.52
Luxembourg,LUX,2020,,0,,0,,18.45,,0,,0,,1.26,,3.8,,0.14
Luxembourg,LUX,2021,,0,,0,,19.17,,0,,0,,1.77,,4.34,,0.22
Macedonia,MKD,1996,,1.51,,10.27,,16.65,,0,,0.2,,0.41,,1.91,,0.21
Macedonia,MKD,1997,,1.99,,8.35,,10.38,,0.51,,0.11,,0.43,,1.69,,0.02
Macedonia,MKD,1998,,1.56,,8.65,,13,,0.45,,0.52,,0.56,,1.42,,0.21
Macedonia,MKD,1999,,1.12,,8.28,,13.93,,0.22,,0.48,,0.87,,1.46,,0
Macedonia,MKD,2000,,3.48,,17.51,,18.77,,1,,0.73,,1.47,,1.99,,0.52
Macedonia,MKD,2002,,0.67,,2.96,,11.02,,0.14,,1.01,,1.5,,6.58,,0.81
Macedonia,MKD,2003,,0.27,,2.74,,10.18,,0.09,,0.86,,1.14,,6.73,,1.11
Macedonia,MKD,2004,,0.67,,2.9,,11,,0.14,,1.01,,1.45,,7.19,,0.84
Macedonia,MKD,2005,,0.27,,2.35,,9.37,,0.21,,0.67,,1.48,,7.06,,0.69
Macedonia,MKD,2006,,1.32,,3.31,,7.77,,0.16,,0.44,,1.91,,7.84,,0.78
Macedonia,MKD,2009,,0.48,,2.21,,7.22,,0.06,,0.62,,0.71,,5.27,,0.68
Macedonia,MKD,2010,,0.64,,3.61,,7.07,,0.57,,0.46,,0.93,,7.88,,0.95
Macedonia,MKD,2018,,,,,,3.33,,,,,,1.33,,8.41,,1.47
Macedonia,MKD,2019,,,,,,5.23,,,,,,1.35,,9.73,,1.5
Madagascar,MDG,2005,,43.64,,58.73,,10.46,,0.29,,0.07,,0.18,,0.21,,0
Madagascar,MDG,2010,,58.25,,67.76,,14.14,,0.41,,0.2,,0.51,,1.64,,0.21
Madagascar,MDG,2012,,52.01,,61.62,,12.16,,0.45,,0.29,,0.86,,2.87,,0.63
Malawi,MWI,2004,,,,,,12.63,,,,,,0.45,,0.31,,0
Malawi,MWI,2010,,37.07,,46.7,,9.47,,0.59,,0.35,,0.5,,1.64,,0.1
Malawi,MWI,2013,,55.41,,63.08,,20.38,,0.55,,0.33,,1.15,,6.62,,1.52
Malawi,MWI,2019,,41.11,,54.61,,10.71,,0.87,,0.19,,0.72,,2.91,,0.41
Malaysia,MYS,2013,,,,,,,,,,,,,,1.1,,0.16
Malaysia,MYS,2016,,,,,,,,,,,,,,1.96,,0.19
Malaysia,MYS,2019,,0.04,,4.38,,19.69,,0,,0.19,,0.65,,1.52,,0.13
Maldives,MDV,2004,,0.9,,8.18,,15.51,,0.09,,0.9,,1.09,,7.33,,0.59
Maldives,MDV,2009,,1.98,,11.28,,14.91,,0.82,,1.8,,3.37,,19.83,,6.16
Maldives,MDV,2016,,0,,0.14,,11.36,,0,,0.02,,1.72,,10.27,,4.07
Mali,MLI,1994,,66.05,,73.66,,16.4,,0.84,,0.41,,1.61,,7.02,,0.88
Mali,MLI,2006,,24.32,,40.62,,8.35,,1.1,,1.06,,0.63,,3.38,,0.09
Mali,MLI,2009,,30.92,,53.63,,10.28,,2.14,,0.83,,1.4,,4.41,,0.69
Mali,MLI,2011,,39.65,,69.87,,21.89,,1.84,,1.2,,1.49,,2.56,,0.17
Mali,MLI,2014,,,,,,13.64,,,,,,1.74,,3.46,,0.34
Mali,MLI,2015,,41.23,,74.2,,14.99,,2.31,,0.97,,1.47,,2.13,,0.22
Mali,MLI,2016,,,,,,12.13,,,,,,1.47,,1.95,,0.17
Mali,MLI,2017,,,,,,16.86,,,,,,1.49,,1.51,,0.06
Mali,MLI,2018,,,,,,16.41,,,,,,1.76,,2.06,,0.09
Mali,MLI,2019,,,,,,17.6,,,,,,1.66,,1.8,,0.15
Mali,MLI,2021,,,,,,21.95,,,,,,1.11,,1.7,,0.12
Malta,MLT,2008,,0,,0,,13.1,,0,,0,,2.95,,16.2,,2.85
Malta,MLT,2015,,0,,0,,14.15,,0,,0,,3.13,,15.94,,2.75
Mauritania,MRT,2004,,,,,,4.1,,,,,,1.01,,10.54,,1.81
Mauritania,MRT,2014,,,,,,8.8,,,,,,2.5,,11.66,,2.95
Mauritius,MUS,1996,,0.25,,2.77,,5.46,,0.04,,0.58,,0.81,,6.79,,1.02
Mauritius,MUS,2006,,0,,0.38,,4.39,,0,,0.05,,0.53,,4.94,,0.66
Mauritius,MUS,2012,,0,,0.46,,6.32,,0,,0.02,,0.73,,5.59,,0.79
Mauritius,MUS,2017,,0.05,,0.51,,5.35,,0,,0.15,,1.23,,8.2,,1.9
Mexico,MEX,2008,,1.23,,5.74,,10.75,,0.24,,0.52,,0.74,,3.58,,0.73
Mexico,MEX,2010,,1.24,,5.03,,9.14,,0.11,,0.55,,0.59,,2.88,,0.66
Mexico,MEX,2012,,0.68,,4.22,,9.12,,0.12,,0.33,,0.68,,2.52,,0.49
Mexico,MEX,2014,,1.44,,5.92,,10.27,,0.03,,0.46,,0.68,,2.62,,0.57
Mexico,MEX,2016,,0.41,,1.81,,11.11,,0.02,,0.13,,0.37,,1.54,,0.23
Mexico,MEX,2018,,0.61,,3.88,,9.91,,0.08,,0.4,,0.65,,2.51,,0.62
Mexico,MEX,2020,,0.78,,5.26,,12.34,,0.12,,0.67,,1.06,,4.44,,1.22
Moldova,MDA,1998,,2.28,,7.5,,2.02,,1.26,,1.95,,1.14,,7.96,,2.7
Moldova,MDA,1999,,3.41,,9.72,,1.75,,1.6,,2.08,,1.11,,7.44,,3.12
Moldova,MDA,2000,,3.64,,10.35,,2.1,,1.61,,1.84,,0.95,,6.89,,2.72
Moldova,MDA,2001,,3.46,,10.27,,2.79,,1.28,,1.78,,1.29,,8.76,,2.97
Moldova,MDA,2002,,2.26,,9.43,,3.93,,0.93,,1.91,,1.45,,9.58,,3.05
Moldova,MDA,2003,,1.08,,7.27,,3.89,,0.85,,1.94,,1.69,,10.61,,3.39
Moldova,MDA,2004,,0.57,,5.59,,3.2,,0.43,,1.66,,1.16,,9.44,,2.62
Moldova,MDA,2005,,1.63,,8.02,,3.21,,0.87,,2.38,,1.27,,10.75,,3.28
Moldova,MDA,2006,,0.75,,5.04,,10.74,,0.44,,1.85,,2.93,,15.06,,3.57
Moldova,MDA,2007,,0.3,,2.43,,9.34,,0.19,,0.96,,2.88,,14.45,,3.52
Moldova,MDA,2008,,0.13,,2.88,,8.55,,0.06,,1.19,,2.46,,14.93,,3.56
Moldova,MDA,2009,,0.21,,2.58,,8.65,,0.09,,0.96,,2.68,,16.53,,3.39
Moldova,MDA,2010,,0.13,,1.82,,8.38,,0.04,,1.38,,3.37,,18.11,,3.79
Moldova,MDA,2011,,0.02,,1.21,,7.64,,0.02,,0.49,,2.66,,15.63,,3.23
Moldova,MDA,2012,,0.04,,0.89,,7.37,,0.09,,0.54,,2.57,,16.31,,3.26
Moldova,MDA,2013,,0,,0.73,,7.87,,0.03,,0.45,,2.5,,16.05,,3.56
Moldova,MDA,2014,,0,,0.38,,6.37,,0.01,,0.33,,2.94,,16.34,,3.02
Moldova,MDA,2015,,0,,0.43,,6.59,,0,,0.36,,3.55,,18.49,,3.73
Moldova,MDA,2016,,0,,0.35,,6.42,,0,,0.26,,3.05,,17.15,,2.94
Moldova,MDA,2017,,0,,0.21,,5.47,,0,,0.25,,2.97,,16.29,,3.01
Moldova,MDA,2018,,0,,0.11,,5.08,,0.01,,0.14,,2.62,,13.09,,1.76
Moldova,MDA,2019,,0.03,,0.56,,5.88,,0.11,,0.29,,2.1,,14.05,,2.35
Moldova,MDA,2020,,0,,0.6,,4.37,,0,,0.17,,1.22,,11.97,,1.89
Moldova,MDA,2021,,0.09,,0.35,,5.01,,0,,0.17,,1.53,,14.15,,2.48
Mongolia,MNG,2002,,,,,,11.49,,,,,,0.52,,1.28,,0.08
Mongolia,MNG,2009,,2.54,,15.92,,11.99,,0.12,,0.68,,0.58,,1.84,,0.22
Mongolia,MNG,2010,,0.73,,8.65,,12.62,,0.09,,0.4,,0.57,,1.33,,0.13
Mongolia,MNG,2011,,0.46,,5.39,,10.92,,0.03,,0.31,,0.61,,1.75,,0.2
Mongolia,MNG,2012,,0.34,,3.84,,12.8,,0.02,,0.23,,0.68,,2.16,,0.29
Mongolia,MNG,2014,,0.25,,3.66,,14.1,,0.06,,0.29,,0.77,,3.04,,0.52
Mongolia,MNG,2016,,0.61,,7.43,,14.94,,0.16,,0.84,,1.17,,4.49,,0.91
Mongolia,MNG,2018,,0.48,,5.51,,13.92,,0.12,,0.87,,1.58,,7.18,,1.33
Mongolia,MNG,2020,,,,,,21.79,,,,,,2.99,,14.71,,3.6
Mongolia,MNG,2021,,,,,,17.76,,,,,,3.02,,14.03,,3.46
Montenegro,MNE,2005,,0,,0.22,,8.99,,0,,0.21,,2.12,,8.57,,1.51
Montenegro,MNE,2006,,0,,0.36,,7.16,,0,,0,,1.1,,6.5,,0.69
Montenegro,MNE,2007,,0.37,,0.53,,11.1,,0.04,,0,,2.22,,7.64,,1.48
Montenegro,MNE,2008,,0,,0.12,,10.77,,0,,0.02,,0.83,,6.86,,1.12
Montenegro,MNE,2009,,0,,0.46,,7.87,,0,,0,,0.9,,7.42,,0.64
Montenegro,MNE,2010,,0,,0,,7.91,,0,,0.24,,1.49,,7.03,,0.72
Montenegro,MNE,2011,,0.21,,0.41,,10.33,,0,,0,,1.27,,9.31,,0.75
Montenegro,MNE,2012,,0,,0.27,,8.63,,0,,0.09,,1.65,,7.78,,0.84
Montenegro,MNE,2013,,0,,0.4,,10.61,,0,,0.04,,0.97,,9.13,,1.73
Montenegro,MNE,2014,,0,,0.1,,9.43,,0,,0.26,,4.63,,8.86,,0.96
Montenegro,MNE,2015,,0.14,,0.29,,8.14,,0,,0.41,,1.64,,10.27,,0.78
Morocco,MAR,1998,,3.51,,18.38,,10.77,,0.52,,1.4,,0.98,,4.15,,0.25
Morocco,MAR,2000,,3.3,,16.89,,9.9,,0.63,,2.28,,1.55,,11.5,,0.53
Morocco,MAR,2006,,3.4,,18.13,,18.23,,0.77,,3.42,,3.47,,22,,2.7
Morocco,MAR,2013,,1.1,,7.4,,14.1,,2.37,,4.48,,4.98,,13.4,,2
Morocco,MAR,2019,,,,,,,,,,,,,,8.2,,0.9
Mozambique,MOZ,2002,,34.76,,40.94,,7.52,,0.2,,0.19,,0.37,,0.83,,0.05
Mozambique,MOZ,2008,,33.24,,43.65,,10.31,,0.31,,0.12,,0.28,,1.19,,0.31
Mozambique,MOZ,2014,,39.62,,53.95,,12.93,,0.49,,0.24,,0.57,,1.61,,0.4
Mozambique,MOZ,2019,,,,,,22.66,,,,,,1.24,,3.58,,0.97
Myanmar,MMR,2015,,6.66,,30.84,,14.83,,2.09,,4.19,,3.87,,13.82,,3.58
Myanmar,MMR,2017,,1.48,,15.91,,10.68,,1.41,,3.48,,3.25,,12.71,,3.47
Namibia,NAM,2009,,24.61,,48.21,,25.12,,0.49,,0.51,,0.4,,1.22,,0.21
Namibia,NAM,2015,,11.33,,23.98,,22.48,,0.11,,0.4,,0.21,,1.52,,0.32
Nepal,NPL,2003,,30.16,,61.84,,14.63,,2.81,,2.11,,1.76,,9.97,,0.8
Nepal,NPL,2013,,3.8,,23.75,,14.1,,0.72,,2.5,,2.71,,10.31,,2.12
Nepal,NPL,2014,,3.33,,22.06,,15.16,,0.77,,2.5,,2,,10.2,,2.27
Nepal,NPL,2015,,4.48,,26.08,,13.95,,0.93,,3.14,,2.1,,9.84,,2.14
Nepal,NPL,2016,,4.23,,25.95,,13.34,,0.98,,2.6,,2.7,,10.66,,2.1
Nicaragua,NIC,1993,,11,,24.36,,12.82,,1.17,,1.71,,1.25,,9.27,,2.2
Nicaragua,NIC,1998,,11.36,,28.88,,16.7,,2.44,,2.46,,2.35,,12.35,,2.09
Nicaragua,NIC,2001,,14.32,,34.38,,17.55,,2.02,,3.7,,2.03,,15.95,,3.23
Nicaragua,NIC,2009,,6.41,,24.59,,15.29,,2.18,,2.96,,2.4,,16.18,,2.47
Nicaragua,NIC,2014,,3.69,,13.56,,21.41,,2.78,,4.62,,5,,24.73,,9.1
Niger,NER,2005,,43.19,,51.87,,9.89,,0.73,,0.43,,0.78,,3.74,,0.17
Niger,NER,2011,,48.2,,71.28,,10.33,,3.08,,1,,1.1,,6.63,,1.86
Niger,NER,2018,,48.96,,77.32,,14.99,,2.58,,1.21,,1.34,,6.52,,0.91
Nigeria,NGA,2003,,26.05,,43.37,,12.22,,5.51,,4.22,,4.31,,22.53,,10.34
Nigeria,NGA,2009,,27.51,,46.16,,12.7,,3.45,,3.68,,2.27,,24.77,,8.92
Nigeria,NGA,2010,,27.5,,49.77,,18.5,,3.41,,3.6,,3.01,,18.87,,5.36
Nigeria,NGA,2012,,26.35,,55.5,,15.99,,4.03,,3.44,,3.28,,16.88,,4.42
Nigeria,NGA,2015,,,,,,,,,,,,,,18.53,,4.52
Nigeria,NGA,2018,,,,58.22,,23.76,,,,1.41,,2.7,,15.79,,4.09
Norway,NOR,1996,,0,,0,,7.63,,0,,0,,1.31,,4.85,,0.92
Norway,NOR,1997,,0,,0,,9.45,,0,,0,,1.35,,4.32,,0.43
Norway,NOR,1998,,0,,0,,10.05,,0,,0,,2.09,,5.09,,0.5
Oman,OMN,1999,,0,,0.78,,7.53,,0,,0.03,,0.39,,0.63,,0.1
Pakistan,PAK,2001,,30.62,,73.2,,10.51,,3.26,,2.29,,1.96,,5.96,,0.08
Pakistan,PAK,2004,,17.26,,60.67,,11.4,,2.45,,2.71,,1.64,,3.37,,0.07
Pakistan,PAK,2007,,10.63,,51.25,,10.71,,1.7,,3.2,,1.67,,2.71,,0.04
Pakistan,PAK,2010,,6.24,,43.48,,9.84,,0.98,,2.51,,1.49,,3.04,,0.37
Pakistan,PAK,2011,,6.99,,44.64,,10.31,,1.35,,2.86,,1.77,,3.76,,0.49
Pakistan,PAK,2013,,5.83,,39.71,,11.68,,1.48,,2.93,,2.41,,5.61,,0.64
Pakistan,PAK,2015,,5.21,,39.38,,11.08,,0.86,,2.84,,2.06,,4.47,,0.5
Pakistan,PAK,2018,,3.39,,31.63,,11.32,,1,,3.35,,2.28,,5.39,,1.02
Panama,PAN,1997,,4.92,,11.24,,23.83,,0.62,,0.79,,1.62,,9.25,,1.84
Panama,PAN,2003,,3.24,,8.31,,18.81,,0.73,,1.4,,2.45,,11.93,,3.23
Panama,PAN,2007,,0.01,,0.28,,19.04,,0,,0,,0.79,,3.31,,0.29
Panama,PAN,2008,,2.45,,7.33,,22.08,,0.12,,0.19,,0.61,,3.09,,0.64
Panama,PAN,2017,,0.01,,0.26,,17.66,,0.01,,0.07,,1.33,,6.2,,0.65
Paraguay,PRY,1997,,7.16,,14.01,,20.62,,2.18,,1.72,,1.66,,12.78,,4.34
Paraguay,PRY,2000,,7.25,,14.87,,22.36,,1.32,,1.42,,1.46,,9.23,,2.4
Paraguay,PRY,2011,,,,,,,,,,,,,,10.54,,0.81
Peru,PER,2000,,9.82,,26.59,,13.07,,2.56,,1.98,,2.09,,11.82,,2.89
Peru,PER,2006,,6.21,,18.53,,17.75,,0.61,,1.43,,1.28,,10.74,,1.34
Peru,PER,2008,,4.05,,13.72,,18.34,,0.47,,1.32,,1.57,,11.57,,1.56
Peru,PER,2009,,3.33,,13.23,,18.27,,0.42,,1.05,,1.46,,10.64,,1.35
Peru,PER,2010,,2.55,,11.4,,18.73,,0.3,,1.24,,1.48,,11.3,,1.5
Peru,PER,2011,,2.33,,10.49,,19.3,,0.37,,0.99,,1.67,,11.23,,1.26
Peru,PER,2012,,1.89,,8.9,,17.88,,0.3,,0.85,,1.77,,11.71,,1.48
Peru,PER,2013,,1.34,,7.46,,17.49,,0.21,,0.87,,1.52,,10.47,,1.37
Peru,PER,2014,,1.17,,7.2,,17.01,,0.22,,0.74,,1.36,,9.17,,1.25
Peru,PER,2015,,0.82,,6.57,,16.28,,0.14,,0.56,,1.46,,8.26,,1.2
Peru,PER,2016,,0.79,,5.9,,15.73,,0.14,,0.59,,1.28,,8.46,,1.01
Peru,PER,2017,,0.79,,5.77,,15.87,,0.06,,0.56,,1.23,,7.97,,0.88
Peru,PER,2018,,0.4,,4.87,,15.66,,0.06,,0.54,,1.35,,9.21,,1.27
Peru,PER,2019,,0.53,,4.83,,16.02,,0.09,,0.42,,1.32,,8.41,,1.16
Peru,PER,2020,,1.04,,7.8,,15.23,,0.11,,0.8,,1.34,,9.67,,1.38
Peru,PER,2021,,1.03,,7.47,,18.57,,0.08,,0.87,,1.83,,12.59,,2
Philippines,PHL,1997,,8.54,,30.1,,21.57,,0.39,,0.78,,0.65,,3.17,,0.62
Philippines,PHL,2000,,15.4,,38.48,,19.77,,0.48,,0.69,,0.56,,2.83,,0.61
Philippines,PHL,2003,,15.44,,39.34,,22.44,,0.59,,0.78,,0.65,,2.94,,0.61
Philippines,PHL,2006,,15.51,,40.37,,22.99,,0.64,,0.96,,0.72,,4.39,,0.98
Philippines,PHL,2009,,11.74,,37.12,,22.02,,0.54,,1.02,,0.73,,4.5,,1.01
Philippines,PHL,2012,,12.63,,37.92,,22.03,,0.71,,1.28,,0.93,,6.13,,1.29
Philippines,PHL,2015,,8.78,,33.17,,21.17,,0.49,,1.33,,0.96,,6.31,,1.41
Poland,POL,1993,,0.12,,1.88,,14.65,,0.05,,0.55,,3.12,,16.89,,0.85
Poland,POL,1998,,0.02,,0.48,,10.6,,0,,0.19,,2,,11,,1.1
Poland,POL,1999,,0.03,,0.56,,11.06,,0,,0.22,,1.97,,11.87,,1.22
Poland,POL,2000,,0.02,,0.7,,11.17,,0.01,,0.21,,2.23,,12.39,,1.46
Poland,POL,2001,,0.03,,0.76,,11.11,,0.01,,0.27,,1.98,,12.4,,1.27
Poland,POL,2002,,0.04,,0.83,,11.45,,0.02,,0.23,,1.98,,12.29,,1.31
Poland,POL,2003,,0.03,,0.6,,12.46,,0.02,,0.27,,2.06,,11.73,,1.11
Poland,POL,2004,,0.05,,0.79,,13.38,,0.03,,0.18,,2.08,,12.74,,1.51
Poland,POL,2005,,0.07,,0.66,,11.32,,0.02,,0.2,,2.15,,14.61,,1.96
Poland,POL,2006,,0.01,,0.36,,11.41,,0.01,,0.15,,2.18,,13.82,,1.79
Poland,POL,2007,,0,,0.29,,11.72,,0,,0.1,,2.35,,14.18,,1.82
Poland,POL,2008,,0,,0.16,,11.69,,0,,0.07,,2.46,,14,,1.63
Poland,POL,2009,,0,,0.15,,12.05,,0,,0.1,,2.47,,14.4,,1.66
Poland,POL,2010,,0,,0.16,,11.27,,0,,0.07,,2.39,,13.46,,1.44
Poland,POL,2011,,0,,0.21,,12.12,,0,,0.09,,2.5,,13.9,,1.42
Poland,POL,2012,,0,,0.15,,11.45,,0.01,,0.11,,2.34,,13.93,,1.61
Poland,POL,2013,,0,,0.15,,12.01,,0,,0.06,,2.23,,13.29,,1.36
Poland,POL,2014,,0.01,,0.12,,12.81,,0,,0.03,,2.3,,13.54,,1.41
Poland,POL,2015,,0,,0.15,,12.39,,0,,0.05,,2.69,,14.77,,1.73
Poland,POL,2016,,0,,0.05,,12.28,,0,,0.01,,2.75,,15.04,,1.61
Poland,POL,2017,,0,,0.06,,12.34,,0,,0.03,,2.82,,15.51,,1.76
Poland,POL,2018,,0,,0.01,,11.15,,0,,0.03,,2.32,,14.35,,1.67
Poland,POL,2019,,0,,0.03,,10.78,,0,,0.01,,2.61,,14.86,,1.67
Poland,POL,2020,,0,,0.01,,10.37,,0,,0.01,,2.42,,15.24,,1.73
Poland,POL,2021,,0,,0,,10.77,,0,,0.02,,2.44,,16.09,,1.96
Portugal,PRT,1990,,,,,,6.7,,,,,,1.66,,8.12,,1.81
Portugal,PRT,1994,,,,,,10.69,,,,,,2.89,,15.13,,2.51
Portugal,PRT,2011,,0,,0.12,,12.72,,0,,0,,3.15,,18.38,,3.31
Qatar,QAT,2017,,,,,,,,,,,,,,1.3,,0.1
Romania,ROU,1998,,0.56,,5.67,,4.22,,0.14,,1.1,,0.86,,5.87,,1.02
Romania,ROU,1999,,1.11,,7.16,,4.12,,0.38,,1.28,,0.85,,6.93,,1.18
Romania,ROU,2000,,1.26,,7.69,,3.82,,0.39,,1.48,,0.71,,7.03,,1.2
Romania,ROU,2001,,0.77,,4.96,,3.56,,0.25,,1.08,,0.87,,7,,1.26
Romania,ROU,2002,,0.82,,4.75,,3.85,,0.27,,1.11,,0.86,,7.61,,1.55
Romania,ROU,2003,,0.49,,4.41,,3.98,,0.23,,1.11,,1.11,,7.95,,1.46
Romania,ROU,2004,,0.31,,3.78,,4.91,,0.3,,1,,1.23,,9.62,,2.07
Romania,ROU,2005,,0.2,,2.8,,4.63,,0.18,,0.97,,1.38,,10.06,,2.41
Romania,ROU,2006,,0.28,,2.63,,4.28,,0.24,,0.81,,1.46,,10.62,,2.44
Romania,ROU,2007,,0,,1.89,,4.79,,0,,0.65,,1.56,,10.57,,2.42
Romania,ROU,2008,,0,,0.94,,4.53,,0,,0.33,,1.48,,11.48,,2.36
Romania,ROU,2009,,0,,0.73,,4.79,,0,,0.34,,1.4,,12.15,,2.7
Romania,ROU,2010,,0,,1.44,,6.48,,0,,0.41,,1.55,,12.26,,2.6
Romania,ROU,2011,,0,,1.02,,5.52,,0,,0.4,,1.55,,13.02,,2.39
Romania,ROU,2012,,0,,0.99,,5.89,,0,,0.23,,1.62,,11.99,,2.29
Romania,ROU,2013,,0,,1.16,,6.49,,0,,0.23,,1.69,,12.55,,2.01
Romania,ROU,2016,,0,,0.81,,8.66,,0,,0.59,,2.14,,13.42,,2.19
Russia,RUS,1997,,0.26,,2.35,,14.48,,0.05,,0.26,,0.9,,3.61,,0.73
Russia,RUS,1998,,0.47,,3.9,,16.11,,0.06,,0.26,,0.8,,2.87,,0.26
Russia,RUS,1999,,1.24,,7.62,,16.87,,0.1,,0.44,,0.82,,2.08,,0.31
Russia,RUS,2000,,0.74,,5.79,,16.93,,0.09,,0.42,,0.96,,3.22,,0.29
Russia,RUS,2001,,0.38,,3.52,,17.45,,0.03,,0.25,,0.74,,1.93,,0.39
Russia,RUS,2002,,0.19,,2.68,,18.11,,0.02,,0.16,,0.8,,3.16,,0.63
Russia,RUS,2003,,0.43,,3.37,,20.57,,0.02,,0.18,,0.67,,1.41,,0.13
Russia,RUS,2004,,0.31,,2.75,,20.95,,0.03,,0.14,,0.79,,2.44,,0.18
Russia,RUS,2010,,0,,0.08,,17.85,,0.01,,0.02,,1.72,,3.8,,0.54
Russia,RUS,2011,,0.01,,0.05,,18.67,,0.02,,0.02,,1.52,,3.91,,0.5
Russia,RUS,2012,,0,,0,,10.56,,0.01,,0.01,,1.62,,3.05,,0.17
Russia,RUS,2013,,0,,0.03,,17.03,,0.01,,0.04,,1.98,,4.84,,0.66
Russia,RUS,2014,,0,,0.02,,15.95,,0,,0,,1.79,,4.87,,0.6
Russia,RUS,2019,,,,,,,,,,,,,,7.2,,1.3
Russia,RUS,2020,,,,,,,,,,,,,,7.7,,0.9
Rwanda,RWA,2000,,45.49,,52.98,,12.42,,0.94,,0.39,,1.01,,8.44,,1.34
Rwanda,RWA,2005,,39.91,,52.96,,11.54,,0.74,,0.27,,0.67,,2.35,,0.36
Rwanda,RWA,2013,,28.91,,40.68,,8.95,,0.51,,0.24,,0.55,,1.63,,0.29
Rwanda,RWA,2016,,31.57,,47.22,,11.6,,0.5,,0.21,,0.69,,1.15,,0.13
Saint Kitts and Nevis,KNA,2007,,,,,,9.22,,,,,,0.94,,4.13,,0.3
Saint Lucia,LCA,2016,,0.43,,1,,11.83,,0.26,,0.46,,1.45,,6.17,,1.77
Sao Tome and Principe,STP,2010,,6.78,,17.81,,4.44,,0.33,,0.35,,0.4,,0.86,,0.1
Sao Tome and Principe,STP,2017,,,,,,8.22,,,,,,1.19,,4.83,,1.15
Saudi Arabia,SAU,2013,,,,,,,,,,,,,,1.73,,0.6
Saudi Arabia,SAU,2018,,,,,,,,,,,,,,1.31,,0.58
Senegal,SEN,2001,,49.73,,75.25,,18.62,,1.23,,0.68,,0.85,,1.6,,0.15
Senegal,SEN,2005,,34.17,,59.82,,18.67,,1.06,,1.31,,0.76,,1.38,,0
Senegal,SEN,2011,,34.59,,62.97,,18.62,,1.43,,0.83,,1.78,,3.33,,0.19
Senegal,SEN,2018,,5.07,,26.36,,12.22,,1.33,,2.65,,1.44,,6.86,,1.3
Seychelles,SYC,2006,,0.37,,0.51,,7.47,,0,,0,,0,,0.07,,0
Seychelles,SYC,2013,,0.93,,1.62,,10.66,,0.42,,0.6,,1.39,,2.56,,1.3
Sierra Leone,SLE,2003,,47.56,,66.05,,12.85,,6.89,,5,,5.4,,35.93,,15.19
Sierra Leone,SLE,2011,,27.18,,56.17,,10.39,,9.37,,6.58,,5.66,,37.09,,11.9
Sierra Leone,SLE,2018,,26.99,,62.32,,13.71,,4.19,,3.36,,3.09,,16.4,,3.04
Singapore,SGP,2013,,,,,,,,,,,,,,9.01,,1.47
Slovak Republic,SVK,2004,,0.12,,0.93,,8.88,,0.03,,0.24,,1.54,,5.28,,0.43
Slovak Republic,SVK,2005,,0.12,,0.49,,10.8,,0,,0.05,,1.38,,5.1,,0.52
Slovak Republic,SVK,2006,,0,,0.03,,8.88,,0,,0,,1.39,,3.76,,0.45
Slovak Republic,SVK,2007,,0,,0.05,,8.83,,0,,0.01,,1.08,,3.74,,0.26
Slovak Republic,SVK,2008,,0,,0.14,,8.87,,0,,0,,0.79,,4.34,,0.51
Slovak Republic,SVK,2009,,0,,0.09,,8.13,,0,,0,,1.3,,4.48,,0.41
Slovak Republic,SVK,2010,,0,,0.04,,9.16,,0,,0.01,,0.83,,3.78,,0.44
Slovak Republic,SVK,2015,,0.05,,0.3,,10.97,,0.05,,0.06,,1.2,,2.65,,0.04
Slovenia,SVN,2007,,0,,0,,4.8,,0,,0,,0.66,,2.63,,0.15
Slovenia,SVN,2010,,0,,0,,5.44,,0,,0,,1.3,,4.59,,0.22
Slovenia,SVN,2012,,0,,0,,6.67,,0,,0,,1.16,,4.17,,0.39
Slovenia,SVN,2015,,0,,0,,7.16,,0,,0,,0.53,,2.51,,0.31
Slovenia,SVN,2018,,0,,0,,7,,0,,0,,0.75,,3.69,,0.31
Somalia,SOM,2016,,15.88,,26.18,,5.01,,0.28,,0.1,,0.15,,0.55,,0
Somalia,SOM,2017,,28.74,,34.44,,2.31,,0.18,,0.04,,0.31,,0.13,,0
South Africa,ZAF,1990,,,,,,18.14,,,,,,0.49,,1.44,,0.44
South Africa,ZAF,2000,,,,,,16.35,,,,,,0.38,,,,
South Africa,ZAF,2005,,16.01,,34.08,,22.19,,0.64,,0.58,,0.8,,1.75,,0.19
South Africa,ZAF,2008,,7.16,,17,,12.6,,0.53,,0.56,,0.77,,2.93,,0.55
South Africa,ZAF,2010,,,,,,22.87,,,,,,0.57,,,,
South Africa,ZAF,2014,,7.5,,18.04,,16.68,,0.28,,0.35,,0.3,,1.03,,0.12
South Korea,KOR,2003,,,,,,,,,,,,,,8.33,,0.91
South Korea,KOR,2004,,,,,,,,,,,,,,8.25,,0.84
South Korea,KOR,2005,,,,,,,,,,,,,,9.59,,1.43
South Korea,KOR,2006,,,,,,,,,,,,,,10.78,,1.78
South Korea,KOR,2007,,,,,,,,,,,,,,11.83,,2.27
South Korea,KOR,2008,,,,,,,,,,,,,,11.1,,1.88
South Korea,KOR,2009,,,,,,,,,,,,,,12.11,,2.01
South Korea,KOR,2010,,,,,,,,,,,,,,12.7,,1.74
South Korea,KOR,2011,,,,,,,,,,,,,,12.28,,1.72
South Korea,KOR,2012,,,,,,,,,,,,,,12.34,,1.57
South Korea,KOR,2013,,,,,,,,,,,,,,12.31,,1.71
South Korea,KOR,2014,,,,,,,,,,,,,,12.85,,1.91
South Korea,KOR,2015,,,,,,,,,,,,,,13.51,,2.14
South Korea,KOR,2016,,,,,,,,,,,,,,13.95,,1.96
South Korea,KOR,2017,,,,,,,,,,,,,,13.21,,1.41
South Korea,KOR,2018,,,,,,,,,,,,,,11.96,,2.87
South Sudan,SSD,2009,,9.72,,18.76,,7.28,,1.7,,1.38,,1.06,,9.21,,2.69
South Sudan,SSD,2016,,30.88,,41.63,,9.6,,1.88,,1.03,,2.08,,11.71,,2.71
Spain,ESP,1996,,0,,0.03,,7.95,,0,,0,,0.81,,3.95,,0.54
Spain,ESP,2006,,0,,0,,11.23,,0,,0,,1.12,,5.42,,1.27
Spain,ESP,2007,,0,,0,,11.42,,0,,0,,1.14,,5.4,,1.12
Spain,ESP,2008,,0,,0,,11.1,,0,,0,,1.37,,5.84,,1.24
Spain,ESP,2009,,0,,0,,11.56,,0,,0,,0.98,,5.54,,1.29
Spain,ESP,2010,,0,,0.01,,11.59,,0,,0,,1.18,,5.7,,1.21
Spain,ESP,2011,,0,,0,,11.71,,0,,0,,1.04,,5.66,,1.18
Spain,ESP,2012,,0.01,,0.02,,10.98,,0,,0,,1.15,,5.63,,1.3
Spain,ESP,2013,,0,,0.02,,11.1,,0,,0.01,,1.31,,5.93,,1.07
Spain,ESP,2014,,0,,0.01,,11.15,,0,,0,,1.17,,6.39,,1.34
Spain,ESP,2015,,0,,0.01,,11.33,,0,,0,,1.45,,7.02,,1.55
Spain,ESP,2016,,0,,0.02,,11.69,,0,,0.01,,1.57,,7.28,,1.07
Spain,ESP,2017,,0,,0.02,,11.78,,0,,0,,1.37,,7.09,,1.12
Spain,ESP,2018,,0,,0.01,,12.11,,0,,0.02,,1.45,,7.06,,1.06
Spain,ESP,2019,,0,,0.01,,13.27,,0,,0,,1.54,,7.87,,1.12
Sri Lanka,LKA,1995,,6.88,,29.21,,5.54,,1.18,,1.89,,1,,4.91,,0.51
Sri Lanka,LKA,2005,,5.28,,24.21,,10.01,,1.08,,1.66,,1.38,,6.28,,0.7
Sri Lanka,LKA,2006,,3.79,,20.11,,10.1,,0.71,,1.66,,1.39,,5.55,,0.72
Sri Lanka,LKA,2009,,1.37,,12.1,,7.55,,0.26,,1.37,,1.05,,4.69,,0.74
Sri Lanka,LKA,2012,,1.01,,9.3,,7.38,,0.28,,1.31,,1.15,,5.78,,1.01
Sri Lanka,LKA,2016,,0.4,,5.6,,7.27,,0.11,,0.92,,1.18,,5.44,,0.9
Sudan,SDN,2009,,15.25,,41.6,,17.27,,3.19,,4.55,,3.32,,18.36,,3.34
Sudan,SDN,2014,,8.91,,41.23,,13.83,,2.25,,4.86,,2.78,,12.46,,1.75
Suriname,SUR,2016,,0,,0.46,,8.71,,0,,0.13,,1.07,,4.87,,1.35
Swaziland,SWZ,2000,,41.32,,57.91,,17.25,,1.53,,1.11,,1.94,,8.76,,2.2
Swaziland,SWZ,2016,,13.88,,30.34,,12.48,,0.99,,0.86,,1,,5,,1.29
Sweden,SWE,1996,,0,,0,,8.05,,0,,0,,1.23,,5.53,,0.69
Switzerland,CHE,2006,,0,,0,,10.81,,0,,0,,1.95,,9.11,,1.03
Switzerland,CHE,2007,,0,,0,,11.56,,0,,0,,1.69,,10.36,,0.49
Switzerland,CHE,2008,,0,,0,,11.7,,0,,0,,1.77,,6.9,,0.47
Switzerland,CHE,2009,,0,,0,,11.83,,0,,0,,1.73,,9.05,,0.42
Switzerland,CHE,2010,,0,,0,,12.08,,0,,0,,2,,8.15,,0.46
Switzerland,CHE,2011,,0,,0,,11.62,,0,,0.11,,1.98,,9.19,,0.5
Switzerland,CHE,2012,,0,,0,,12.6,,0,,0,,1.76,,9.39,,0.64
Switzerland,CHE,2013,,0,,0,,12.56,,0,,0,,1.71,,7.5,,0.58
Switzerland,CHE,2014,,0,,0,,10.93,,0,,0,,2.25,,8.7,,0.4
Switzerland,CHE,2015,,0,,0,,10.77,,0,,0,,1.62,,7.95,,0.29
Switzerland,CHE,2016,,0,,0,,12.91,,0,,0,,1.82,,7.15,,0.26
Switzerland,CHE,2017,,0,,0,,11.59,,0,,0,,2.25,,7.9,,0.32
Syria,SYR,2003,,0.3,,6.65,,16.25,,0.14,,0.99,,1.82,,5.54,,0.7
Syria,SYR,2007,,0.37,,6.42,,11.93,,0.07,,0.98,,1.51,,6.88,,1.41
Tajikistan,TJK,1999,,,,47.53,,5.52,,,,0.27,,1.85,,11.89,,2.57
Tajikistan,TJK,2007,,4.7,,15.86,,6.1,,0.77,,1.75,,1.1,,6.46,,1.46
Tajikistan,TJK,2009,,3.66,,17.01,,8.16,,1.74,,2.97,,2.98,,15.38,,2.9
Tajikistan,TJK,2013,,0.14,,2.74,,2.94,,0.13,,1.2,,1.15,,7.57,,1.68
Tajikistan,TJK,2014,,0.27,,2.77,,3.39,,0.14,,1.14,,1.06,,8.42,,1.91
Tajikistan,TJK,2016,,0.16,,3.91,,4.69,,0.12,,1.37,,1.66,,9.15,,1.89
Tajikistan,TJK,2017,,0.33,,3.57,,4.6,,0.06,,1.09,,1.33,,8.85,,1.91
Tajikistan,TJK,2018,,,,,,11.7,,,,,,2.24,,9.8,,1.4
Tanzania,TZA,2000,,68.49,,77.83,,16.76,,0.93,,0.15,,1.35,,5.01,,0.76
Tanzania,TZA,2007,,52.94,,68.86,,16.33,,0.87,,0.4,,0.79,,2.24,,0.3
Tanzania,TZA,2011,,,,27.49,,5.97,,,,1.25,,1.3,,5.64,,1.67
Tanzania,TZA,2018,,27.07,,46.36,,10,,1.05,,0.98,,1.15,,4.3,,0.82
Thailand,THA,1994,,2.36,,16.09,,16.65,,0.52,,1.79,,1.83,,6.67,,1.86
Thailand,THA,1996,,1.67,,11.83,,15.43,,0.45,,1.56,,1.72,,5.99,,1.91
Thailand,THA,1998,,0.84,,11.44,,14.64,,0.27,,0.97,,1.09,,5.17,,1.13
Thailand,THA,2000,,1.96,,13.66,,15.3,,0.33,,1.3,,1.45,,5.63,,0.93
Thailand,THA,2002,,0.62,,8.24,,14.45,,0.08,,0.85,,0.66,,3.98,,0.84
Thailand,THA,2004,,0.5,,6.52,,15.47,,0.12,,0.54,,0.77,,3.83,,0.77
Thailand,THA,2006,,0.4,,4.24,,14,,0.04,,0.47,,0.86,,3.59,,0.77
Thailand,THA,2007,,0.23,,2.55,,11.3,,0.03,,0.29,,0.86,,3.14,,0.71
Thailand,THA,2008,,0.1,,2.15,,11.79,,0.02,,0.25,,0.64,,2.97,,0.56
Thailand,THA,2009,,0.12,,1.95,,11.3,,0.02,,0.1,,0.69,,3.22,,0.6
Thailand,THA,2010,,0.11,,1.39,,11.13,,0.01,,0.28,,0.6,,2.77,,0.47
Thailand,THA,2011,,0.05,,1.05,,11.04,,0.01,,0.08,,0.58,,2.2,,0.38
Thailand,THA,2012,,0.03,,0.99,,11.69,,0.04,,0.17,,0.64,,2.52,,0.42
Thailand,THA,2013,,0.02,,0.77,,11.03,,0,,0.09,,0.63,,2.2,,0.4
Thailand,THA,2014,,0.01,,0.42,,12.22,,0,,0.03,,0.7,,2.14,,0.35
Thailand,THA,2015,,0.03,,0.28,,12.14,,0,,0.03,,0.62,,1.88,,0.36
Thailand,THA,2016,,0.01,,0.34,,10.19,,0,,0.02,,0.56,,1.99,,0.32
Thailand,THA,2017,,0.01,,0.19,,11.27,,0,,0.04,,0.62,,2.22,,0.41
Thailand,THA,2018,,0.01,,0.29,,10.82,,0,,0.03,,0.54,,2.04,,0.34
Thailand,THA,2019,,0,,0.2,,10.81,,0,,0.02,,0.54,,1.87,,0.27
Thailand,THA,2020,,0.03,,0.21,,11.18,,0,,0.01,,0.72,,1.9,,0.31
Thailand,THA,2021,,0,,0.17,,10.82,,0,,0.01,,0.7,,2.05,,0.33
Timor,TLS,2007,,2.13,,8.83,,1.08,,0.61,,0.73,,0.26,,2.36,,0.65
Timor,TLS,2014,,2.58,,11.1,,2.76,,0.44,,0.95,,0.52,,2.61,,0.55
Togo,TGO,2006,,20.46,,31.75,,7.13,,2.32,,1.27,,1.88,,10.65,,0.02
Togo,TGO,2011,,33.92,,49.3,,11.85,,2.85,,2.3,,2.27,,11.12,,2.04
Togo,TGO,2015,,44.47,,64.3,,21.28,,4.92,,2.42,,5.22,,26.45,,4.42
Togo,TGO,2018,,,,,,13.78,,,,,,1.94,,13.68,,2.99
Tokelau,TKL,2015,,,,,,1.28,,,,,,0,,0,,0
Trinidad and Tobago,TTO,2005,,0.08,,0.67,,6.08,,0.55,,0.7,,1.27,,2.58,,1.04
Trinidad and Tobago,TTO,2014,,0.26,,1.14,,2.31,,0.77,,0.85,,0.99,,3.88,,1.93
Tunisia,TUN,1995,,4.36,,16.89,,13.89,,1.25,,2.28,,2.3,,16.33,,2.21
Tunisia,TUN,2000,,1.41,,6.43,,13.37,,1.67,,3.49,,4.69,,22.54,,9.34
Tunisia,TUN,2005,,1.58,,7.75,,16.16,,1.02,,2.7,,3.72,,21.91,,7.06
Tunisia,TUN,2010,,1.15,,6.07,,16.34,,0.32,,1.25,,2.52,,16.69,,2.36
Tunisia,TUN,2015,,0.07,,1.41,,14.75,,0.04,,0.47,,2.52,,16.74,,2.36
Turkiye,TUR,2002,,0.58,,4.7,,9.73,,0.34,,0.46,,1.09,,6.01,,1.07
Turkiye,TUR,2003,,0.89,,4.3,,7.69,,0.09,,0.55,,0.73,,4.73,,0.99
Turkiye,TUR,2004,,0.46,,2.93,,9.54,,0.15,,0.46,,0.85,,5.57,,1.04
Turkiye,TUR,2005,,0.64,,3.11,,10.29,,0.1,,0.29,,0.78,,5.11,,0.87
Turkiye,TUR,2006,,0.31,,2.76,,10.38,,0.05,,0.2,,0.85,,5,,0.9
Turkiye,TUR,2007,,0.27,,2.3,,10.7,,0.11,,0.55,,0.74,,5.14,,0.91
Turkiye,TUR,2008,,0.18,,2.78,,12.15,,0.05,,0.29,,0.58,,3.74,,0.68
Turkiye,TUR,2009,,0.17,,2.08,,13.09,,0.04,,0.16,,0.72,,3.59,,0.73
Turkiye,TUR,2010,,0.26,,2.37,,13.44,,0.08,,0.26,,0.69,,3.84,,0.59
Turkiye,TUR,2011,,0.02,,2.49,,14.12,,0.06,,0.36,,0.84,,3.35,,0.45
Turkiye,TUR,2012,,0,,1.58,,12.67,,0,,0.25,,0.56,,3.06,,0.31
Turkiye,TUR,2013,,0.08,,1.54,,15.4,,0.03,,0.16,,0.96,,3.64,,0.48
Turkiye,TUR,2014,,0.15,,1.13,,15.1,,0.01,,0.13,,0.72,,3.69,,0.54
Turkiye,TUR,2015,,0.16,,1.31,,12.92,,0.06,,0.08,,0.66,,3.51,,0.5
Turkiye,TUR,2016,,0.02,,0.81,,12.04,,0.02,,0.16,,0.71,,3.73,,0.45
Turkiye,TUR,2017,,,,,,,,,,,,,,4.46,,0.61
Turkiye,TUR,2018,,,,,,,,,,,,,,4.3,,0.7
Turkiye,TUR,2019,,,,,,,,,,,,,,4.22,,0.67
Uganda,UGA,1996,,48.86,,64.1,,13.78,,2.55,,0.93,,2.49,,14.62,,2.44
Uganda,UGA,1999,,45.26,,62.36,,13.07,,2.39,,1.3,,1.71,,9.43,,0.77
Uganda,UGA,2002,,43.09,,57.84,,11.12,,2.47,,1.09,,1.62,,9.57,,0.74
Uganda,UGA,2005,,42.25,,62.48,,14.15,,3.65,,3.05,,2.61,,20.3,,2.2
Uganda,UGA,2009,,33.13,,56.38,,12.94,,3.18,,2.87,,1.87,,16.77,,1.42
Uganda,UGA,2012,,29.74,,51.07,,13.92,,2.95,,2.84,,2.05,,15.74,,3.59
Uganda,UGA,2016,,26.84,,46.34,,12.61,,3.08,,2.59,,2.62,,15.27,,3.77
Ukraine,UKR,2002,,1.58,,11.03,,9.8,,0.51,,2.48,,2.24,,12.41,,1.79
Ukraine,UKR,2003,,0.65,,6.31,,8.4,,0.17,,1.51,,1.84,,10.22,,1.41
Ukraine,UKR,2004,,0.59,,4.87,,9.36,,0.18,,1.01,,1.89,,10.33,,1.26
Ukraine,UKR,2005,,0.1,,1.78,,8.56,,0.03,,0.6,,1.54,,8.2,,0.93
Ukraine,UKR,2006,,0.05,,1.36,,8.85,,0.01,,0.35,,1.61,,8.36,,0.98
Ukraine,UKR,2007,,0.01,,0.84,,8.88,,0,,0.31,,2.03,,9.07,,1.16
Ukraine,UKR,2008,,0,,0.46,,8.99,,0.01,,0.27,,1.63,,5.83,,0.74
Ukraine,UKR,2009,,0.06,,0.76,,9,,0.01,,0.17,,1.36,,6.83,,0.82
Ukraine,UKR,2010,,0,,0.27,,8.33,,0,,0.18,,1.29,,6.91,,0.89
Ukraine,UKR,2011,,0.01,,0.34,,8.27,,0.01,,0.05,,1.29,,7.01,,0.9
Ukraine,UKR,2012,,0.11,,0.33,,9.33,,0,,0.07,,1.46,,7.69,,1.04
Ukraine,UKR,2013,,0,,0.24,,8.99,,0,,0.05,,1.58,,7.21,,1.07
Ukraine,UKR,2014,,0,,0.18,,8.58,,0,,0.12,,1.43,,7.76,,0.85
Ukraine,UKR,2015,,0.02,,0.59,,9.6,,0,,0.25,,1.49,,7.13,,0.63
Ukraine,UKR,2016,,0.05,,0.54,,10.56,,0,,0.35,,2.08,,8.93,,1.31
Ukraine,UKR,2017,,0.03,,0.49,,10.26,,0,,0.05,,1.78,,7.3,,1.05
Ukraine,UKR,2018,,0.01,,0.43,,10.95,,0.17,,0.07,,2.26,,7.78,,1.23
Ukraine,UKR,2019,,0,,0.23,,11.11,,0,,0.03,,1.72,,8.32,,1.15
United Arab Emirates,ARE,2019,,,,,,,,,,,,,,0.44,,
United Kingdom,GBR,1999,,0,,0,,0.54,,0,,0,,0.13,,0.81,,0.09
United Kingdom,GBR,2000,,0,,0,,8.53,,0,,0,,0.35,,2,,0.26
United Kingdom,GBR,2005,,0,,0,,7.13,,0,,0,,0.44,,2.03,,0.34
United Kingdom,GBR,2010,,0,,0.06,,8.19,,0,,0,,0.38,,1.73,,0.44
United Kingdom,GBR,2013,,0,,0,,7.88,,0,,0,,0.35,,1.64,,0.48
United Kingdom,GBR,2014,,,,,,8.05,,,,,,0.42,,2.03,,0.4
United Kingdom,GBR,2016,,0,,0,,7.72,,0,,0,,0.35,,2.09,,0.51
United Kingdom,GBR,2017,,0,,0,,9.25,,0,,0,,0.58,,2.2,,0.51
United Kingdom,GBR,2018,,0,,0,,8.8,,0,,0,,0.37,,2.27,,0.37
United Kingdom,GBR,2019,,0,,0,,10.21,,0,,0,,0.69,,2.22,,0.46
United Kingdom,GBR,2020,,0,,0,,7.63,,0,,0,,0.35,,2.36,,0.56
United States,USA,1996,,0,,0.01,,9.63,,0,,0,,1.21,,5.94,,0.91
United States,USA,1997,,0,,0,,9.75,,0,,0,,1.1,,6.03,,0.81
United States,USA,1998,,0,,0.03,,9.79,,0,,0,,1.26,,5.99,,0.97
United States,USA,1999,,0,,0,,10.15,,0,,0,,1.35,,6.05,,1.04
United States,USA,2000,,0,,0.03,,9.23,,0.01,,0,,1.31,,5.94,,1.08
United States,USA,2001,,0.01,,0.02,,9.09,,0,,0,,1.23,,5.82,,1.01
United States,USA,2002,,0,,0,,9.15,,0,,0,,1.24,,6.32,,0.99
United States,USA,2003,,0,,0,,8.29,,0,,0,,1.02,,5.79,,0.95
United States,USA,2004,,0,,0,,8.48,,0,,0,,1.15,,5.58,,0.89
United States,USA,2005,,0,,0.01,,8.96,,0,,0,,1.07,,5.67,,0.97
United States,USA,2006,,0,,0,,8.71,,0,,0,,0.9,,5.42,,0.82
United States,USA,2008,,0,,0,,8.89,,0,,0,,0.88,,4.56,,0.72
United States,USA,2009,,0,,0.01,,8.19,,0,,0,,0.87,,4.7,,0.73
United States,USA,2011,,0,,0.01,,9.42,,0,,0,,0.78,,4.72,,0.85
United States,USA,2012,,0,,0,,8.89,,0,,0,,0.93,,4.99,,0.86
United States,USA,2013,,0,,0,,8.83,,0,,0,,0.84,,4.77,,0.78
United States,USA,2014,,0,,0.01,,8.44,,0,,0,,1.01,,4.9,,0.74
United States,USA,2015,,0,,0.03,,7.43,,0,,0,,0.76,,4.4,,0.77
United States,USA,2016,,0,,0.06,,7.68,,0,,0,,0.66,,4.47,,0.66
United States,USA,2017,,0,,0,,7.83,,0,,0,,0.76,,4.5,,0.73
United States,USA,2018,,0,,0,,8.51,,0,,0,,0.79,,4.51,,0.77
United States,USA,2019,,0,,0,,8.12,,0,,0,,0.72,,4.35,,0.74
United States,USA,2020,,0,,0,,7.36,,0,,0,,0.58,,3.98,,0.73
United States,USA,2021,,0,,0,,7.57,,0,,0,,0.62,,4.61,,0.89
Uruguay,URY,1995,,,,,,14.05,,,,,,1.75,,13.87,,1.85
Uruguay,URY,2005,,0.34,,2.28,,13.42,,0,,0.23,,0.48,,4.54,,0.32
Uruguay,URY,2016,,0.02,,0.16,,14.76,,0.01,,0,,1.09,,2.11,,0.15
Uzbekistan,UZB,2000,,24.68,,30.27,,3.27,,1.19,,0.5,,1.46,,8.14,,2.22
Uzbekistan,UZB,2002,,20.82,,27.22,,2.29,,1,,0.45,,0.96,,6.2,,1.61
Uzbekistan,UZB,2003,,20.22,,26.31,,2.81,,1.1,,0.55,,0.83,,6.66,,1.85
Vietnam,VNM,1992,,56.28,,81.52,,13.06,,4.53,,2.2,,4.25,,19.8,,3.64
Vietnam,VNM,1997,,30.34,,67.41,,12.63,,4.74,,2.98,,3.45,,14.2,,2.56
Vietnam,VNM,1998,,,,,,,,,,,,,,14.2,,2.56
Vietnam,VNM,2002,,29.86,,64.33,,15.54,,4.13,,2.77,,2.89,,12.72,,2.95
Vietnam,VNM,2004,,18.67,,51.76,,16.94,,3.53,,4.03,,3.29,,15.91,,4.05
Vietnam,VNM,2006,,14.7,,43.78,,17.98,,2.53,,4.2,,3.24,,14.41,,3.83
Vietnam,VNM,2008,,9.47,,37.19,,16.46,,1.87,,4.13,,3.11,,14.55,,3.6
Vietnam,VNM,2010,,4.31,,19.04,,18.43,,0.89,,2.6,,2.4,,11.32,,2.14
Vietnam,VNM,2012,,2.99,,15.71,,18.22,,0.41,,2.45,,2.74,,9.14,,2.03
Vietnam,VNM,2014,,1.81,,9.18,,19.39,,0.28,,1.33,,2.43,,9.82,,2.07
Vietnam,VNM,2016,,1.15,,5.57,,18.19,,0.15,,0.89,,2.36,,9.39,,1.9
Vietnam,VNM,2018,,1.12,,5.35,,19.73,,0.15,,0.84,,2.33,,10.03,,2.43
Vietnam,VNM,2020,,,,,,,,0.11,,0.53,,1.73,,8.46,,1.73
Wallis and Futuna,WLF,2005,,,,,,0.12,,,,,,0,,,,
West Bank and Gaza,PSE,2004,,0.39,,1.57,,11.89,,0,,0.19,,1.42,,7.91,,1.18
West Bank and Gaza,PSE,2005,,0,,1.64,,11.47,,0,,0.3,,1.31,,6.25,,0.85
West Bank and Gaza,PSE,2006,,0.24,,1.39,,12.6,,0,,0.33,,2.68,,7.15,,0.69
West Bank and Gaza,PSE,2007,,0.59,,3.07,,14.46,,0,,0.87,,2.04,,9.39,,1.28
West Bank and Gaza,PSE,2009,,0.23,,1.39,,13.83,,0,,0.36,,2.41,,8.89,,1.28
West Bank and Gaza,PSE,2010,,0,,1.06,,11.26,,0.03,,0.45,,1.74,,6.04,,0.97
West Bank and Gaza,PSE,2016,,0.16,,1.64,,13.41,,0,,0.62,,1.52,,9,,1.5
Yemen,YEM,1998,,2.56,,11.92,,5.92,,0.82,,1.64,,1.1,,6.09,,1.35
Yemen,YEM,2005,,4.87,,19.71,,8.06,,4.07,,3.97,,4.19,,15.4,,5.38
Yemen,YEM,2014,,10.62,,33.53,,9.67,,4.62,,4.02,,4.27,,15.83,,4.16
Yugoslavia,SRB,2003,,0.15,,1.03,,11.55,,0.08,,0.25,,1.77,,7.75,,1.33
Yugoslavia,SRB,2004,,0.04,,1.2,,11.25,,0.11,,0.54,,1.85,,8.57,,1.75
Yugoslavia,SRB,2005,,0.21,,2.27,,13.01,,0.14,,0.48,,2.32,,10.83,,2.15
Yugoslavia,SRB,2006,,0.14,,0.88,,12.78,,0.01,,0.2,,2.21,,10.28,,1.54
Yugoslavia,SRB,2007,,0.24,,0.9,,12.27,,0.04,,0.38,,2.32,,11.41,,1.44
Yugoslavia,SRB,2008,,0,,0.65,,11.38,,0.06,,0.19,,2.04,,9.58,,1.47
Yugoslavia,SRB,2009,,0.12,,1.15,,13.05,,0,,0.23,,1.81,,8.3,,0.65
Yugoslavia,SRB,2013,,0.13,,1.28,,13.92,,0.04,,0.26,,2.26,,9.03,,0.83
Yugoslavia,SRB,2015,,0.04,,0.57,,11.75,,0.03,,0.12,,2.11,,8.05,,0.53
Yugoslavia,SRB,2018,,0.04,,0.54,,13.4,,0.03,,0.25,,2.45,,8.97,,0.83
Yugoslavia,SRB,2019,,0.04,,0.67,,12.88,,0.04,,0.08,,2.21,,8.53,,0.58
Zambia,ZMB,1996,,,,,,,,,,,,,,4.96,,1.12
Zambia,ZMB,2004,,22.1,,32.19,,10.17,,0.5,,0.37,,0.53,,2.79,,0.53
Zambia,ZMB,2006,,,,,,,,,,,,,,1.85,,0.43
Zambia,ZMB,2010,,,,,,,,,,,,,,0.29,,0.01
Zambia,ZMB,2015,,,,,,,,,,,,,,0.28,,0.01
Zimbabwe,ZWE,2017,,3.25,,8.27,,1.82,,5.48,,4.87,,5.21,,11.82,,7.03
System.IO.MemoryStream